지역,품목,그룹,연도,구분,금액_억불
일본,메모리반도체,메모리,2013,수출,3.858
일본,디지털 집적회로반도체,시스템반도체,2013,수출,5.637
일본,기타 집적회로반도체,시스템반도체,2013,수출,0.353
일본,"다이오드, 트랜지스터 및 유사 반도체소자",개별소자,2013,수출,9.147
대만,메모리반도체,메모리,2013,수출,16.628
대만,디지털 집적회로반도체,시스템반도체,2013,수출,12.722
대만,기타 집적회로반도체,시스템반도체,2013,수출,0.949
대만,"다이오드, 트랜지스터 및 유사 반도체소자",개별소자,2013,수출,3.574
필리핀,메모리반도체,메모리,2013,수출,14.751
필리핀,디지털 집적회로반도체,시스템반도체,2013,수출,7.27
필리핀,기타 집적회로반도체,시스템반도체,2013,수출,0.445
필리핀,"다이오드, 트랜지스터 및 유사 반도체소자",개별소자,2013,수출,0.265
홍콩,메모리반도체,메모리,2013,수출,24.953
홍콩,디지털 집적회로반도체,시스템반도체,2013,수출,24.489
홍콩,기타 집적회로반도체,시스템반도체,2013,수출,23.561
홍콩,"다이오드, 트랜지스터 및 유사 반도체소자",개별소자,2013,수출,6.385
말레이시아,메모리반도체,메모리,2013,수출,0.805
말레이시아,디지털 집적회로반도체,시스템반도체,2013,수출,3.935
말레이시아,기타 집적회로반도체,시스템반도체,2013,수출,0.877
말레이시아,"다이오드, 트랜지스터 및 유사 반도체소자",개별소자,2013,수출,0.456
싱가포르,메모리반도체,메모리,2013,수출,5.431
싱가포르,디지털 집적회로반도체,시스템반도체,2013,수출,40.805
싱가포르,기타 집적회로반도체,시스템반도체,2013,수출,8.42
싱가포르,"다이오드, 트랜지스터 및 유사 반도체소자",개별소자,2013,수출,1.424
인도네시아,메모리반도체,메모리,2013,수출,0.199
인도네시아,디지털 집적회로반도체,시스템반도체,2013,수출,0.262
인도네시아,기타 집적회로반도체,시스템반도체,2013,수출,0.001
인도네시아,"다이오드, 트랜지스터 및 유사 반도체소자",개별소자,2013,수출,0.104
태국,메모리반도체,메모리,2013,수출,1.117
태국,디지털 집적회로반도체,시스템반도체,2013,수출,0.669
태국,기타 집적회로반도체,시스템반도체,2013,수출,0.311
태국,"다이오드, 트랜지스터 및 유사 반도체소자",개별소자,2013,수출,0.919
인도,메모리반도체,메모리,2013,수출,0.1
인도,디지털 집적회로반도체,시스템반도체,2013,수출,0.698
인도,기타 집적회로반도체,시스템반도체,2013,수출,0.189
인도,"다이오드, 트랜지스터 및 유사 반도체소자",개별소자,2013,수출,0.213
베트남,메모리반도체,메모리,2013,수출,0.546
베트남,디지털 집적회로반도체,시스템반도체,2013,수출,7.7
베트남,기타 집적회로반도체,시스템반도체,2013,수출,5.682
베트남,"다이오드, 트랜지스터 및 유사 반도체소자",개별소자,2013,수출,3.582
중국,메모리반도체,메모리,2013,수출,82.004
중국,디지털 집적회로반도체,시스템반도체,2013,수출,30.667
중국,기타 집적회로반도체,시스템반도체,2013,수출,57.687
중국,"다이오드, 트랜지스터 및 유사 반도체소자",개별소자,2013,수출,30.55
사우디아라비아,메모리반도체,메모리,2013,수출,0.0
사우디아라비아,디지털 집적회로반도체,시스템반도체,2013,수출,0.003
사우디아라비아,기타 집적회로반도체,시스템반도체,2013,수출,0.0
사우디아라비아,"다이오드, 트랜지스터 및 유사 반도체소자",개별소자,2013,수출,0.011
아랍에미리트,메모리반도체,메모리,2013,수출,0.0
아랍에미리트,디지털 집적회로반도체,시스템반도체,2013,수출,0.015
아랍에미리트,기타 집적회로반도체,시스템반도체,2013,수출,0.0
아랍에미리트,"다이오드, 트랜지스터 및 유사 반도체소자",개별소자,2013,수출,0.011
프랑스,메모리반도체,메모리,2013,수출,0.03
프랑스,디지털 집적회로반도체,시스템반도체,2013,수출,0.3
프랑스,기타 집적회로반도체,시스템반도체,2013,수출,0.004
프랑스,"다이오드, 트랜지스터 및 유사 반도체소자",개별소자,2013,수출,0.439
이탈리아,메모리반도체,메모리,2013,수출,0.002
이탈리아,디지털 집적회로반도체,시스템반도체,2013,수출,0.064
이탈리아,기타 집적회로반도체,시스템반도체,2013,수출,0.017
이탈리아,"다이오드, 트랜지스터 및 유사 반도체소자",개별소자,2013,수출,0.274
독일,메모리반도체,메모리,2013,수출,1.725
독일,디지털 집적회로반도체,시스템반도체,2013,수출,2.48
독일,기타 집적회로반도체,시스템반도체,2013,수출,0.063
독일,"다이오드, 트랜지스터 및 유사 반도체소자",개별소자,2013,수출,1.236
네덜란드,메모리반도체,메모리,2013,수출,0.122
네덜란드,디지털 집적회로반도체,시스템반도체,2013,수출,0.551
네덜란드,기타 집적회로반도체,시스템반도체,2013,수출,0.005
네덜란드,"다이오드, 트랜지스터 및 유사 반도체소자",개별소자,2013,수출,0.537
영국,메모리반도체,메모리,2013,수출,3.203
영국,디지털 집적회로반도체,시스템반도체,2013,수출,0.132
영국,기타 집적회로반도체,시스템반도체,2013,수출,0.023
영국,"다이오드, 트랜지스터 및 유사 반도체소자",개별소자,2013,수출,0.134
벨기에,메모리반도체,메모리,2013,수출,0.0
벨기에,디지털 집적회로반도체,시스템반도체,2013,수출,0.083
벨기에,기타 집적회로반도체,시스템반도체,2013,수출,0.0
벨기에,"다이오드, 트랜지스터 및 유사 반도체소자",개별소자,2013,수출,0.171
스페인,메모리반도체,메모리,2013,수출,0.0
스페인,디지털 집적회로반도체,시스템반도체,2013,수출,0.008
스페인,기타 집적회로반도체,시스템반도체,2013,수출,0.001
스페인,"다이오드, 트랜지스터 및 유사 반도체소자",개별소자,2013,수출,0.016
스위스,메모리반도체,메모리,2013,수출,0.001
스위스,디지털 집적회로반도체,시스템반도체,2013,수출,0.015
스위스,기타 집적회로반도체,시스템반도체,2013,수출,0.0
스위스,"다이오드, 트랜지스터 및 유사 반도체소자",개별소자,2013,수출,0.004
오스트리아,메모리반도체,메모리,2013,수출,0.227
오스트리아,디지털 집적회로반도체,시스템반도체,2013,수출,0.572
오스트리아,기타 집적회로반도체,시스템반도체,2013,수출,0.002
오스트리아,"다이오드, 트랜지스터 및 유사 반도체소자",개별소자,2013,수출,0.03
노르웨이,메모리반도체,메모리,2013,수출,0.0
노르웨이,디지털 집적회로반도체,시스템반도체,2013,수출,0.022
노르웨이,기타 집적회로반도체,시스템반도체,2013,수출,0.0
노르웨이,"다이오드, 트랜지스터 및 유사 반도체소자",개별소자,2013,수출,0.0
스웨덴,메모리반도체,메모리,2013,수출,0.008
스웨덴,디지털 집적회로반도체,시스템반도체,2013,수출,0.011
스웨덴,기타 집적회로반도체,시스템반도체,2013,수출,0.008
스웨덴,"다이오드, 트랜지스터 및 유사 반도체소자",개별소자,2013,수출,0.014
핀란드,메모리반도체,메모리,2013,수출,0.007
핀란드,디지털 집적회로반도체,시스템반도체,2013,수출,0.005
핀란드,기타 집적회로반도체,시스템반도체,2013,수출,0.021
핀란드,"다이오드, 트랜지스터 및 유사 반도체소자",개별소자,2013,수출,0.016
폴란드,메모리반도체,메모리,2013,수출,0.13
폴란드,디지털 집적회로반도체,시스템반도체,2013,수출,0.337
폴란드,기타 집적회로반도체,시스템반도체,2013,수출,0.001
폴란드,"다이오드, 트랜지스터 및 유사 반도체소자",개별소자,2013,수출,0.077
체코,메모리반도체,메모리,2013,수출,0.227
체코,디지털 집적회로반도체,시스템반도체,2013,수출,0.0
체코,기타 집적회로반도체,시스템반도체,2013,수출,0.0
체코,"다이오드, 트랜지스터 및 유사 반도체소자",개별소자,2013,수출,0.011
루마니아,메모리반도체,메모리,2013,수출,0.004
루마니아,디지털 집적회로반도체,시스템반도체,2013,수출,0.018
루마니아,기타 집적회로반도체,시스템반도체,2013,수출,0.0
루마니아,"다이오드, 트랜지스터 및 유사 반도체소자",개별소자,2013,수출,0.027
불가리아,메모리반도체,메모리,2013,수출,0.0
불가리아,디지털 집적회로반도체,시스템반도체,2013,수출,0.0
불가리아,기타 집적회로반도체,시스템반도체,2013,수출,0.0
불가리아,"다이오드, 트랜지스터 및 유사 반도체소자",개별소자,2013,수출,0.009
러시아,메모리반도체,메모리,2013,수출,0.116
러시아,디지털 집적회로반도체,시스템반도체,2013,수출,0.065
러시아,기타 집적회로반도체,시스템반도체,2013,수출,0.002
러시아,"다이오드, 트랜지스터 및 유사 반도체소자",개별소자,2013,수출,0.033
카나다,메모리반도체,메모리,2013,수출,0.004
카나다,디지털 집적회로반도체,시스템반도체,2013,수출,0.022
카나다,기타 집적회로반도체,시스템반도체,2013,수출,0.004
카나다,"다이오드, 트랜지스터 및 유사 반도체소자",개별소자,2013,수출,0.085
미국,메모리반도체,메모리,2013,수출,15.632
미국,디지털 집적회로반도체,시스템반도체,2013,수출,4.078
미국,기타 집적회로반도체,시스템반도체,2013,수출,2.321
미국,"다이오드, 트랜지스터 및 유사 반도체소자",개별소자,2013,수출,3.243
멕시코,메모리반도체,메모리,2013,수출,0.124
멕시코,디지털 집적회로반도체,시스템반도체,2013,수출,0.219
멕시코,기타 집적회로반도체,시스템반도체,2013,수출,0.0
멕시코,"다이오드, 트랜지스터 및 유사 반도체소자",개별소자,2013,수출,0.454
아르헨티나,메모리반도체,메모리,2013,수출,0.0
아르헨티나,디지털 집적회로반도체,시스템반도체,2013,수출,0.0
아르헨티나,기타 집적회로반도체,시스템반도체,2013,수출,0.0
아르헨티나,"다이오드, 트랜지스터 및 유사 반도체소자",개별소자,2013,수출,0.005
칠레,메모리반도체,메모리,2013,수출,0.0
칠레,디지털 집적회로반도체,시스템반도체,2013,수출,0.0
칠레,기타 집적회로반도체,시스템반도체,2013,수출,0.005
칠레,"다이오드, 트랜지스터 및 유사 반도체소자",개별소자,2013,수출,0.001
브라질,메모리반도체,메모리,2013,수출,1.999
브라질,디지털 집적회로반도체,시스템반도체,2013,수출,5.108
브라질,기타 집적회로반도체,시스템반도체,2013,수출,0.949
브라질,"다이오드, 트랜지스터 및 유사 반도체소자",개별소자,2013,수출,0.367
남아프리카,메모리반도체,메모리,2013,수출,0.031
남아프리카,디지털 집적회로반도체,시스템반도체,2013,수출,0.003
남아프리카,기타 집적회로반도체,시스템반도체,2013,수출,0.0
남아프리카,"다이오드, 트랜지스터 및 유사 반도체소자",개별소자,2013,수출,0.005
일본,메모리반도체,메모리,2013,수입,13.653
일본,디지털 집적회로반도체,시스템반도체,2013,수입,14.603
일본,기타 집적회로반도체,시스템반도체,2013,수입,0.767
일본,"다이오드, 트랜지스터 및 유사 반도체소자",개별소자,2013,수입,19.742
대만,메모리반도체,메모리,2013,수입,3.977
대만,디지털 집적회로반도체,시스템반도체,2013,수입,69.168
대만,기타 집적회로반도체,시스템반도체,2013,수입,3.932
대만,"다이오드, 트랜지스터 및 유사 반도체소자",개별소자,2013,수입,8.822
필리핀,메모리반도체,메모리,2013,수입,1.229
필리핀,디지털 집적회로반도체,시스템반도체,2013,수입,7.596
필리핀,기타 집적회로반도체,시스템반도체,2013,수입,0.298
필리핀,"다이오드, 트랜지스터 및 유사 반도체소자",개별소자,2013,수입,0.748
홍콩,메모리반도체,메모리,2013,수입,0.942
홍콩,디지털 집적회로반도체,시스템반도체,2013,수입,3.788
홍콩,기타 집적회로반도체,시스템반도체,2013,수입,0.28
홍콩,"다이오드, 트랜지스터 및 유사 반도체소자",개별소자,2013,수입,0.518
말레이시아,메모리반도체,메모리,2013,수입,0.076
말레이시아,디지털 집적회로반도체,시스템반도체,2013,수입,8.136
말레이시아,기타 집적회로반도체,시스템반도체,2013,수입,0.669
말레이시아,"다이오드, 트랜지스터 및 유사 반도체소자",개별소자,2013,수입,3.483
싱가포르,메모리반도체,메모리,2013,수입,2.279
싱가포르,디지털 집적회로반도체,시스템반도체,2013,수입,28.264
싱가포르,기타 집적회로반도체,시스템반도체,2013,수입,15.149
싱가포르,"다이오드, 트랜지스터 및 유사 반도체소자",개별소자,2013,수입,2.956
인도네시아,메모리반도체,메모리,2013,수입,0.007
인도네시아,디지털 집적회로반도체,시스템반도체,2013,수입,0.067
인도네시아,기타 집적회로반도체,시스템반도체,2013,수입,0.003
인도네시아,"다이오드, 트랜지스터 및 유사 반도체소자",개별소자,2013,수입,0.109
태국,메모리반도체,메모리,2013,수입,0.305
태국,디지털 집적회로반도체,시스템반도체,2013,수입,3.648
태국,기타 집적회로반도체,시스템반도체,2013,수입,0.064
태국,"다이오드, 트랜지스터 및 유사 반도체소자",개별소자,2013,수입,0.699
인도,메모리반도체,메모리,2013,수입,0.0
인도,디지털 집적회로반도체,시스템반도체,2013,수입,0.073
인도,기타 집적회로반도체,시스템반도체,2013,수입,0.0
인도,"다이오드, 트랜지스터 및 유사 반도체소자",개별소자,2013,수입,0.008
베트남,메모리반도체,메모리,2013,수입,0.065
베트남,디지털 집적회로반도체,시스템반도체,2013,수입,0.246
베트남,기타 집적회로반도체,시스템반도체,2013,수입,0.009
베트남,"다이오드, 트랜지스터 및 유사 반도체소자",개별소자,2013,수입,0.783
중국,메모리반도체,메모리,2013,수입,20.52
중국,디지털 집적회로반도체,시스템반도체,2013,수입,11.963
중국,기타 집적회로반도체,시스템반도체,2013,수입,1.52
중국,"다이오드, 트랜지스터 및 유사 반도체소자",개별소자,2013,수입,21.915
사우디아라비아,메모리반도체,메모리,2013,수입,0.0
사우디아라비아,디지털 집적회로반도체,시스템반도체,2013,수입,0.0
사우디아라비아,기타 집적회로반도체,시스템반도체,2013,수입,0.0
사우디아라비아,"다이오드, 트랜지스터 및 유사 반도체소자",개별소자,2013,수입,0.0
아랍에미리트,메모리반도체,메모리,2013,수입,0.001
아랍에미리트,디지털 집적회로반도체,시스템반도체,2013,수입,0.002
아랍에미리트,기타 집적회로반도체,시스템반도체,2013,수입,0.0
아랍에미리트,"다이오드, 트랜지스터 및 유사 반도체소자",개별소자,2013,수입,0.0
프랑스,메모리반도체,메모리,2013,수입,0.01
프랑스,디지털 집적회로반도체,시스템반도체,2013,수입,1.037
프랑스,기타 집적회로반도체,시스템반도체,2013,수입,0.007
프랑스,"다이오드, 트랜지스터 및 유사 반도체소자",개별소자,2013,수입,0.171
이탈리아,메모리반도체,메모리,2013,수입,0.0
이탈리아,디지털 집적회로반도체,시스템반도체,2013,수입,0.285
이탈리아,기타 집적회로반도체,시스템반도체,2013,수입,0.003
이탈리아,"다이오드, 트랜지스터 및 유사 반도체소자",개별소자,2013,수입,0.242
독일,메모리반도체,메모리,2013,수입,0.039
독일,디지털 집적회로반도체,시스템반도체,2013,수입,8.768
독일,기타 집적회로반도체,시스템반도체,2013,수입,0.461
독일,"다이오드, 트랜지스터 및 유사 반도체소자",개별소자,2013,수입,1.006
네덜란드,메모리반도체,메모리,2013,수입,0.004
네덜란드,디지털 집적회로반도체,시스템반도체,2013,수입,0.19
네덜란드,기타 집적회로반도체,시스템반도체,2013,수입,0.008
네덜란드,"다이오드, 트랜지스터 및 유사 반도체소자",개별소자,2013,수입,0.004
영국,메모리반도체,메모리,2013,수입,0.007
영국,디지털 집적회로반도체,시스템반도체,2013,수입,0.093
영국,기타 집적회로반도체,시스템반도체,2013,수입,0.081
영국,"다이오드, 트랜지스터 및 유사 반도체소자",개별소자,2013,수입,0.112
벨기에,메모리반도체,메모리,2013,수입,0.0
벨기에,디지털 집적회로반도체,시스템반도체,2013,수입,0.072
벨기에,기타 집적회로반도체,시스템반도체,2013,수입,0.001
벨기에,"다이오드, 트랜지스터 및 유사 반도체소자",개별소자,2013,수입,0.025
스페인,메모리반도체,메모리,2013,수입,0.001
스페인,디지털 집적회로반도체,시스템반도체,2013,수입,0.01
스페인,기타 집적회로반도체,시스템반도체,2013,수입,0.002
스페인,"다이오드, 트랜지스터 및 유사 반도체소자",개별소자,2013,수입,0.001
스위스,메모리반도체,메모리,2013,수입,0.0
스위스,디지털 집적회로반도체,시스템반도체,2013,수입,0.286
스위스,기타 집적회로반도체,시스템반도체,2013,수입,0.001
스위스,"다이오드, 트랜지스터 및 유사 반도체소자",개별소자,2013,수입,0.039
오스트리아,메모리반도체,메모리,2013,수입,0.0
오스트리아,디지털 집적회로반도체,시스템반도체,2013,수입,1.085
오스트리아,기타 집적회로반도체,시스템반도체,2013,수입,0.308
오스트리아,"다이오드, 트랜지스터 및 유사 반도체소자",개별소자,2013,수입,0.154
노르웨이,메모리반도체,메모리,2013,수입,0.0
노르웨이,디지털 집적회로반도체,시스템반도체,2013,수입,0.001
노르웨이,기타 집적회로반도체,시스템반도체,2013,수입,0.0
노르웨이,"다이오드, 트랜지스터 및 유사 반도체소자",개별소자,2013,수입,0.0
스웨덴,메모리반도체,메모리,2013,수입,0.014
스웨덴,디지털 집적회로반도체,시스템반도체,2013,수입,0.017
스웨덴,기타 집적회로반도체,시스템반도체,2013,수입,0.0
스웨덴,"다이오드, 트랜지스터 및 유사 반도체소자",개별소자,2013,수입,0.008
핀란드,메모리반도체,메모리,2013,수입,0.0
핀란드,디지털 집적회로반도체,시스템반도체,2013,수입,0.003
핀란드,기타 집적회로반도체,시스템반도체,2013,수입,0.001
핀란드,"다이오드, 트랜지스터 및 유사 반도체소자",개별소자,2013,수입,0.008
폴란드,메모리반도체,메모리,2013,수입,0.0
폴란드,디지털 집적회로반도체,시스템반도체,2013,수입,0.063
폴란드,기타 집적회로반도체,시스템반도체,2013,수입,0.0
폴란드,"다이오드, 트랜지스터 및 유사 반도체소자",개별소자,2013,수입,0.011
체코,메모리반도체,메모리,2013,수입,0.0
체코,디지털 집적회로반도체,시스템반도체,2013,수입,0.002
체코,기타 집적회로반도체,시스템반도체,2013,수입,0.0
체코,"다이오드, 트랜지스터 및 유사 반도체소자",개별소자,2013,수입,0.01
루마니아,메모리반도체,메모리,2013,수입,0.0
루마니아,디지털 집적회로반도체,시스템반도체,2013,수입,0.0
루마니아,기타 집적회로반도체,시스템반도체,2013,수입,0.0
루마니아,"다이오드, 트랜지스터 및 유사 반도체소자",개별소자,2013,수입,0.0
불가리아,메모리반도체,메모리,2013,수입,0.0
불가리아,디지털 집적회로반도체,시스템반도체,2013,수입,0.006
불가리아,기타 집적회로반도체,시스템반도체,2013,수입,0.0
불가리아,"다이오드, 트랜지스터 및 유사 반도체소자",개별소자,2013,수입,0.001
러시아,메모리반도체,메모리,2013,수입,0.009
러시아,디지털 집적회로반도체,시스템반도체,2013,수입,0.024
러시아,기타 집적회로반도체,시스템반도체,2013,수입,0.001
러시아,"다이오드, 트랜지스터 및 유사 반도체소자",개별소자,2013,수입,0.008
카나다,메모리반도체,메모리,2013,수입,0.072
카나다,디지털 집적회로반도체,시스템반도체,2013,수입,0.119
카나다,기타 집적회로반도체,시스템반도체,2013,수입,0.004
카나다,"다이오드, 트랜지스터 및 유사 반도체소자",개별소자,2013,수입,0.029
미국,메모리반도체,메모리,2013,수입,1.798
미국,디지털 집적회로반도체,시스템반도체,2013,수입,35.818
미국,기타 집적회로반도체,시스템반도체,2013,수입,0.427
미국,"다이오드, 트랜지스터 및 유사 반도체소자",개별소자,2013,수입,1.803
멕시코,메모리반도체,메모리,2013,수입,0.002
멕시코,디지털 집적회로반도체,시스템반도체,2013,수입,0.125
멕시코,기타 집적회로반도체,시스템반도체,2013,수입,0.075
멕시코,"다이오드, 트랜지스터 및 유사 반도체소자",개별소자,2013,수입,0.107
아르헨티나,메모리반도체,메모리,2013,수입,0.0
아르헨티나,디지털 집적회로반도체,시스템반도체,2013,수입,0.0
아르헨티나,기타 집적회로반도체,시스템반도체,2013,수입,0.0
아르헨티나,"다이오드, 트랜지스터 및 유사 반도체소자",개별소자,2013,수입,0.0
칠레,메모리반도체,메모리,2013,수입,0.0
칠레,디지털 집적회로반도체,시스템반도체,2013,수입,0.0
칠레,기타 집적회로반도체,시스템반도체,2013,수입,0.0
칠레,"다이오드, 트랜지스터 및 유사 반도체소자",개별소자,2013,수입,0.0
브라질,메모리반도체,메모리,2013,수입,0.002
브라질,디지털 집적회로반도체,시스템반도체,2013,수입,0.119
브라질,기타 집적회로반도체,시스템반도체,2013,수입,0.014
브라질,"다이오드, 트랜지스터 및 유사 반도체소자",개별소자,2013,수입,0.005
남아프리카,메모리반도체,메모리,2013,수입,0.0
남아프리카,디지털 집적회로반도체,시스템반도체,2013,수입,0.0
남아프리카,기타 집적회로반도체,시스템반도체,2013,수입,0.0
남아프리카,"다이오드, 트랜지스터 및 유사 반도체소자",개별소자,2013,수입,0.0
일본,메모리반도체,메모리,2014,수출,4.499
일본,디지털 집적회로반도체,시스템반도체,2014,수출,4.969
일본,기타 집적회로반도체,시스템반도체,2014,수출,0.165
일본,"다이오드, 트랜지스터 및 유사 반도체소자",개별소자,2014,수출,7.303
대만,메모리반도체,메모리,2014,수출,16.812
대만,디지털 집적회로반도체,시스템반도체,2014,수출,17.86
대만,기타 집적회로반도체,시스템반도체,2014,수출,0.718
대만,"다이오드, 트랜지스터 및 유사 반도체소자",개별소자,2014,수출,3.801
필리핀,메모리반도체,메모리,2014,수출,23.643
필리핀,디지털 집적회로반도체,시스템반도체,2014,수출,6.405
필리핀,기타 집적회로반도체,시스템반도체,2014,수출,0.361
필리핀,"다이오드, 트랜지스터 및 유사 반도체소자",개별소자,2014,수출,0.472
홍콩,메모리반도체,메모리,2014,수출,28.442
홍콩,디지털 집적회로반도체,시스템반도체,2014,수출,24.124
홍콩,기타 집적회로반도체,시스템반도체,2014,수출,12.844
홍콩,"다이오드, 트랜지스터 및 유사 반도체소자",개별소자,2014,수출,4.86
말레이시아,메모리반도체,메모리,2014,수출,0.913
말레이시아,디지털 집적회로반도체,시스템반도체,2014,수출,4.419
말레이시아,기타 집적회로반도체,시스템반도체,2014,수출,1.676
말레이시아,"다이오드, 트랜지스터 및 유사 반도체소자",개별소자,2014,수출,0.61
싱가포르,메모리반도체,메모리,2014,수출,4.98
싱가포르,디지털 집적회로반도체,시스템반도체,2014,수출,31.647
싱가포르,기타 집적회로반도체,시스템반도체,2014,수출,7.216
싱가포르,"다이오드, 트랜지스터 및 유사 반도체소자",개별소자,2014,수출,1.393
인도네시아,메모리반도체,메모리,2014,수출,0.203
인도네시아,디지털 집적회로반도체,시스템반도체,2014,수출,0.214
인도네시아,기타 집적회로반도체,시스템반도체,2014,수출,0.002
인도네시아,"다이오드, 트랜지스터 및 유사 반도체소자",개별소자,2014,수출,0.184
태국,메모리반도체,메모리,2014,수출,1.583
태국,디지털 집적회로반도체,시스템반도체,2014,수출,0.704
태국,기타 집적회로반도체,시스템반도체,2014,수출,0.32
태국,"다이오드, 트랜지스터 및 유사 반도체소자",개별소자,2014,수출,0.725
인도,메모리반도체,메모리,2014,수출,0.125
인도,디지털 집적회로반도체,시스템반도체,2014,수출,0.704
인도,기타 집적회로반도체,시스템반도체,2014,수출,0.155
인도,"다이오드, 트랜지스터 및 유사 반도체소자",개별소자,2014,수출,0.518
베트남,메모리반도체,메모리,2014,수출,1.543
베트남,디지털 집적회로반도체,시스템반도체,2014,수출,7.304
베트남,기타 집적회로반도체,시스템반도체,2014,수출,6.707
베트남,"다이오드, 트랜지스터 및 유사 반도체소자",개별소자,2014,수출,1.832
중국,메모리반도체,메모리,2014,수출,126.768
중국,디지털 집적회로반도체,시스템반도체,2014,수출,53.294
중국,기타 집적회로반도체,시스템반도체,2014,수출,29.156
중국,"다이오드, 트랜지스터 및 유사 반도체소자",개별소자,2014,수출,26.92
사우디아라비아,메모리반도체,메모리,2014,수출,0.005
사우디아라비아,디지털 집적회로반도체,시스템반도체,2014,수출,0.004
사우디아라비아,기타 집적회로반도체,시스템반도체,2014,수출,0.001
사우디아라비아,"다이오드, 트랜지스터 및 유사 반도체소자",개별소자,2014,수출,0.005
아랍에미리트,메모리반도체,메모리,2014,수출,0.0
아랍에미리트,디지털 집적회로반도체,시스템반도체,2014,수출,0.022
아랍에미리트,기타 집적회로반도체,시스템반도체,2014,수출,0.0
아랍에미리트,"다이오드, 트랜지스터 및 유사 반도체소자",개별소자,2014,수출,0.012
프랑스,메모리반도체,메모리,2014,수출,0.053
프랑스,디지털 집적회로반도체,시스템반도체,2014,수출,0.259
프랑스,기타 집적회로반도체,시스템반도체,2014,수출,0.003
프랑스,"다이오드, 트랜지스터 및 유사 반도체소자",개별소자,2014,수출,0.431
이탈리아,메모리반도체,메모리,2014,수출,0.001
이탈리아,디지털 집적회로반도체,시스템반도체,2014,수출,0.08
이탈리아,기타 집적회로반도체,시스템반도체,2014,수출,0.042
이탈리아,"다이오드, 트랜지스터 및 유사 반도체소자",개별소자,2014,수출,0.194
독일,메모리반도체,메모리,2014,수출,2.011
독일,디지털 집적회로반도체,시스템반도체,2014,수출,3.316
독일,기타 집적회로반도체,시스템반도체,2014,수출,0.045
독일,"다이오드, 트랜지스터 및 유사 반도체소자",개별소자,2014,수출,1.419
네덜란드,메모리반도체,메모리,2014,수출,0.112
네덜란드,디지털 집적회로반도체,시스템반도체,2014,수출,0.738
네덜란드,기타 집적회로반도체,시스템반도체,2014,수출,0.006
네덜란드,"다이오드, 트랜지스터 및 유사 반도체소자",개별소자,2014,수출,0.926
영국,메모리반도체,메모리,2014,수출,4.539
영국,디지털 집적회로반도체,시스템반도체,2014,수출,0.084
영국,기타 집적회로반도체,시스템반도체,2014,수출,0.017
영국,"다이오드, 트랜지스터 및 유사 반도체소자",개별소자,2014,수출,0.291
벨기에,메모리반도체,메모리,2014,수출,0.0
벨기에,디지털 집적회로반도체,시스템반도체,2014,수출,0.002
벨기에,기타 집적회로반도체,시스템반도체,2014,수출,0.0
벨기에,"다이오드, 트랜지스터 및 유사 반도체소자",개별소자,2014,수출,0.137
스페인,메모리반도체,메모리,2014,수출,0.0
스페인,디지털 집적회로반도체,시스템반도체,2014,수출,0.008
스페인,기타 집적회로반도체,시스템반도체,2014,수출,0.002
스페인,"다이오드, 트랜지스터 및 유사 반도체소자",개별소자,2014,수출,0.016
스위스,메모리반도체,메모리,2014,수출,0.0
스위스,디지털 집적회로반도체,시스템반도체,2014,수출,0.04
스위스,기타 집적회로반도체,시스템반도체,2014,수출,0.002
스위스,"다이오드, 트랜지스터 및 유사 반도체소자",개별소자,2014,수출,0.002
오스트리아,메모리반도체,메모리,2014,수출,0.356
오스트리아,디지털 집적회로반도체,시스템반도체,2014,수출,0.295
오스트리아,기타 집적회로반도체,시스템반도체,2014,수출,0.002
오스트리아,"다이오드, 트랜지스터 및 유사 반도체소자",개별소자,2014,수출,0.107
노르웨이,메모리반도체,메모리,2014,수출,0.0
노르웨이,디지털 집적회로반도체,시스템반도체,2014,수출,0.013
노르웨이,기타 집적회로반도체,시스템반도체,2014,수출,0.0
노르웨이,"다이오드, 트랜지스터 및 유사 반도체소자",개별소자,2014,수출,0.0
스웨덴,메모리반도체,메모리,2014,수출,0.007
스웨덴,디지털 집적회로반도체,시스템반도체,2014,수출,0.005
스웨덴,기타 집적회로반도체,시스템반도체,2014,수출,0.031
스웨덴,"다이오드, 트랜지스터 및 유사 반도체소자",개별소자,2014,수출,0.011
핀란드,메모리반도체,메모리,2014,수출,0.01
핀란드,디지털 집적회로반도체,시스템반도체,2014,수출,0.013
핀란드,기타 집적회로반도체,시스템반도체,2014,수출,0.017
핀란드,"다이오드, 트랜지스터 및 유사 반도체소자",개별소자,2014,수출,0.012
폴란드,메모리반도체,메모리,2014,수출,0.177
폴란드,디지털 집적회로반도체,시스템반도체,2014,수출,0.236
폴란드,기타 집적회로반도체,시스템반도체,2014,수출,0.001
폴란드,"다이오드, 트랜지스터 및 유사 반도체소자",개별소자,2014,수출,0.159
체코,메모리반도체,메모리,2014,수출,0.441
체코,디지털 집적회로반도체,시스템반도체,2014,수출,0.001
체코,기타 집적회로반도체,시스템반도체,2014,수출,0.0
체코,"다이오드, 트랜지스터 및 유사 반도체소자",개별소자,2014,수출,0.006
루마니아,메모리반도체,메모리,2014,수출,0.006
루마니아,디지털 집적회로반도체,시스템반도체,2014,수출,0.025
루마니아,기타 집적회로반도체,시스템반도체,2014,수출,0.001
루마니아,"다이오드, 트랜지스터 및 유사 반도체소자",개별소자,2014,수출,0.006
불가리아,메모리반도체,메모리,2014,수출,0.0
불가리아,디지털 집적회로반도체,시스템반도체,2014,수출,0.001
불가리아,기타 집적회로반도체,시스템반도체,2014,수출,0.0
불가리아,"다이오드, 트랜지스터 및 유사 반도체소자",개별소자,2014,수출,0.006
러시아,메모리반도체,메모리,2014,수출,0.0
러시아,디지털 집적회로반도체,시스템반도체,2014,수출,0.06
러시아,기타 집적회로반도체,시스템반도체,2014,수출,0.0
러시아,"다이오드, 트랜지스터 및 유사 반도체소자",개별소자,2014,수출,0.051
카나다,메모리반도체,메모리,2014,수출,0.007
카나다,디지털 집적회로반도체,시스템반도체,2014,수출,0.025
카나다,기타 집적회로반도체,시스템반도체,2014,수출,0.002
카나다,"다이오드, 트랜지스터 및 유사 반도체소자",개별소자,2014,수출,0.075
미국,메모리반도체,메모리,2014,수출,19.552
미국,디지털 집적회로반도체,시스템반도체,2014,수출,3.231
미국,기타 집적회로반도체,시스템반도체,2014,수출,1.163
미국,"다이오드, 트랜지스터 및 유사 반도체소자",개별소자,2014,수출,4.204
멕시코,메모리반도체,메모리,2014,수출,0.774
멕시코,디지털 집적회로반도체,시스템반도체,2014,수출,0.172
멕시코,기타 집적회로반도체,시스템반도체,2014,수출,0.003
멕시코,"다이오드, 트랜지스터 및 유사 반도체소자",개별소자,2014,수출,1.1
아르헨티나,메모리반도체,메모리,2014,수출,0.0
아르헨티나,디지털 집적회로반도체,시스템반도체,2014,수출,0.005
아르헨티나,기타 집적회로반도체,시스템반도체,2014,수출,0.001
아르헨티나,"다이오드, 트랜지스터 및 유사 반도체소자",개별소자,2014,수출,0.004
칠레,메모리반도체,메모리,2014,수출,0.0
칠레,디지털 집적회로반도체,시스템반도체,2014,수출,0.009
칠레,기타 집적회로반도체,시스템반도체,2014,수출,0.0
칠레,"다이오드, 트랜지스터 및 유사 반도체소자",개별소자,2014,수출,0.002
브라질,메모리반도체,메모리,2014,수출,3.153
브라질,디지털 집적회로반도체,시스템반도체,2014,수출,5.017
브라질,기타 집적회로반도체,시스템반도체,2014,수출,0.69
브라질,"다이오드, 트랜지스터 및 유사 반도체소자",개별소자,2014,수출,0.409
남아프리카,메모리반도체,메모리,2014,수출,0.028
남아프리카,디지털 집적회로반도체,시스템반도체,2014,수출,0.001
남아프리카,기타 집적회로반도체,시스템반도체,2014,수출,0.0
남아프리카,"다이오드, 트랜지스터 및 유사 반도체소자",개별소자,2014,수출,0.003
일본,메모리반도체,메모리,2014,수입,6.955
일본,디지털 집적회로반도체,시스템반도체,2014,수입,17.846
일본,기타 집적회로반도체,시스템반도체,2014,수입,0.573
일본,"다이오드, 트랜지스터 및 유사 반도체소자",개별소자,2014,수입,14.925
대만,메모리반도체,메모리,2014,수입,4.327
대만,디지털 집적회로반도체,시스템반도체,2014,수입,80.405
대만,기타 집적회로반도체,시스템반도체,2014,수입,2.173
대만,"다이오드, 트랜지스터 및 유사 반도체소자",개별소자,2014,수입,8.526
필리핀,메모리반도체,메모리,2014,수입,0.606
필리핀,디지털 집적회로반도체,시스템반도체,2014,수입,6.711
필리핀,기타 집적회로반도체,시스템반도체,2014,수입,0.237
필리핀,"다이오드, 트랜지스터 및 유사 반도체소자",개별소자,2014,수입,0.697
홍콩,메모리반도체,메모리,2014,수입,1.383
홍콩,디지털 집적회로반도체,시스템반도체,2014,수입,3.854
홍콩,기타 집적회로반도체,시스템반도체,2014,수입,0.268
홍콩,"다이오드, 트랜지스터 및 유사 반도체소자",개별소자,2014,수입,0.481
말레이시아,메모리반도체,메모리,2014,수입,0.041
말레이시아,디지털 집적회로반도체,시스템반도체,2014,수입,8.042
말레이시아,기타 집적회로반도체,시스템반도체,2014,수입,0.64
말레이시아,"다이오드, 트랜지스터 및 유사 반도체소자",개별소자,2014,수입,3.342
싱가포르,메모리반도체,메모리,2014,수입,2.345
싱가포르,디지털 집적회로반도체,시스템반도체,2014,수입,28.134
싱가포르,기타 집적회로반도체,시스템반도체,2014,수입,18.822
싱가포르,"다이오드, 트랜지스터 및 유사 반도체소자",개별소자,2014,수입,2.668
인도네시아,메모리반도체,메모리,2014,수입,0.01
인도네시아,디지털 집적회로반도체,시스템반도체,2014,수입,0.063
인도네시아,기타 집적회로반도체,시스템반도체,2014,수입,0.003
인도네시아,"다이오드, 트랜지스터 및 유사 반도체소자",개별소자,2014,수입,0.073
태국,메모리반도체,메모리,2014,수입,0.529
태국,디지털 집적회로반도체,시스템반도체,2014,수입,3.745
태국,기타 집적회로반도체,시스템반도체,2014,수입,0.078
태국,"다이오드, 트랜지스터 및 유사 반도체소자",개별소자,2014,수입,0.837
인도,메모리반도체,메모리,2014,수입,0.004
인도,디지털 집적회로반도체,시스템반도체,2014,수입,0.059
인도,기타 집적회로반도체,시스템반도체,2014,수입,0.016
인도,"다이오드, 트랜지스터 및 유사 반도체소자",개별소자,2014,수입,0.01
베트남,메모리반도체,메모리,2014,수입,0.045
베트남,디지털 집적회로반도체,시스템반도체,2014,수입,0.598
베트남,기타 집적회로반도체,시스템반도체,2014,수입,0.23
베트남,"다이오드, 트랜지스터 및 유사 반도체소자",개별소자,2014,수입,0.207
중국,메모리반도체,메모리,2014,수입,28.274
중국,디지털 집적회로반도체,시스템반도체,2014,수입,15.257
중국,기타 집적회로반도체,시스템반도체,2014,수입,3.014
중국,"다이오드, 트랜지스터 및 유사 반도체소자",개별소자,2014,수입,23.913
사우디아라비아,메모리반도체,메모리,2014,수입,0.0
사우디아라비아,디지털 집적회로반도체,시스템반도체,2014,수입,0.0
사우디아라비아,기타 집적회로반도체,시스템반도체,2014,수입,0.0
사우디아라비아,"다이오드, 트랜지스터 및 유사 반도체소자",개별소자,2014,수입,0.0
아랍에미리트,메모리반도체,메모리,2014,수입,0.001
아랍에미리트,디지털 집적회로반도체,시스템반도체,2014,수입,0.003
아랍에미리트,기타 집적회로반도체,시스템반도체,2014,수입,0.0
아랍에미리트,"다이오드, 트랜지스터 및 유사 반도체소자",개별소자,2014,수입,0.0
프랑스,메모리반도체,메모리,2014,수입,0.019
프랑스,디지털 집적회로반도체,시스템반도체,2014,수입,1.341
프랑스,기타 집적회로반도체,시스템반도체,2014,수입,0.012
프랑스,"다이오드, 트랜지스터 및 유사 반도체소자",개별소자,2014,수입,0.031
이탈리아,메모리반도체,메모리,2014,수입,0.0
이탈리아,디지털 집적회로반도체,시스템반도체,2014,수입,0.113
이탈리아,기타 집적회로반도체,시스템반도체,2014,수입,0.021
이탈리아,"다이오드, 트랜지스터 및 유사 반도체소자",개별소자,2014,수입,0.169
독일,메모리반도체,메모리,2014,수입,0.053
독일,디지털 집적회로반도체,시스템반도체,2014,수입,8.337
독일,기타 집적회로반도체,시스템반도체,2014,수입,0.324
독일,"다이오드, 트랜지스터 및 유사 반도체소자",개별소자,2014,수입,1.193
네덜란드,메모리반도체,메모리,2014,수입,0.001
네덜란드,디지털 집적회로반도체,시스템반도체,2014,수입,0.096
네덜란드,기타 집적회로반도체,시스템반도체,2014,수입,0.007
네덜란드,"다이오드, 트랜지스터 및 유사 반도체소자",개별소자,2014,수입,0.006
영국,메모리반도체,메모리,2014,수입,0.002
영국,디지털 집적회로반도체,시스템반도체,2014,수입,0.052
영국,기타 집적회로반도체,시스템반도체,2014,수입,0.005
영국,"다이오드, 트랜지스터 및 유사 반도체소자",개별소자,2014,수입,0.082
벨기에,메모리반도체,메모리,2014,수입,0.001
벨기에,디지털 집적회로반도체,시스템반도체,2014,수입,0.088
벨기에,기타 집적회로반도체,시스템반도체,2014,수입,0.001
벨기에,"다이오드, 트랜지스터 및 유사 반도체소자",개별소자,2014,수입,0.01
스페인,메모리반도체,메모리,2014,수입,0.0
스페인,디지털 집적회로반도체,시스템반도체,2014,수입,0.003
스페인,기타 집적회로반도체,시스템반도체,2014,수입,0.0
스페인,"다이오드, 트랜지스터 및 유사 반도체소자",개별소자,2014,수입,0.001
스위스,메모리반도체,메모리,2014,수입,0.0
스위스,디지털 집적회로반도체,시스템반도체,2014,수입,0.204
스위스,기타 집적회로반도체,시스템반도체,2014,수입,0.001
스위스,"다이오드, 트랜지스터 및 유사 반도체소자",개별소자,2014,수입,0.032
오스트리아,메모리반도체,메모리,2014,수입,0.0
오스트리아,디지털 집적회로반도체,시스템반도체,2014,수입,0.913
오스트리아,기타 집적회로반도체,시스템반도체,2014,수입,0.256
오스트리아,"다이오드, 트랜지스터 및 유사 반도체소자",개별소자,2014,수입,0.177
노르웨이,메모리반도체,메모리,2014,수입,0.0
노르웨이,디지털 집적회로반도체,시스템반도체,2014,수입,0.003
노르웨이,기타 집적회로반도체,시스템반도체,2014,수입,0.0
노르웨이,"다이오드, 트랜지스터 및 유사 반도체소자",개별소자,2014,수입,0.0
스웨덴,메모리반도체,메모리,2014,수입,0.017
스웨덴,디지털 집적회로반도체,시스템반도체,2014,수입,0.12
스웨덴,기타 집적회로반도체,시스템반도체,2014,수입,0.0
스웨덴,"다이오드, 트랜지스터 및 유사 반도체소자",개별소자,2014,수입,0.007
핀란드,메모리반도체,메모리,2014,수입,0.0
핀란드,디지털 집적회로반도체,시스템반도체,2014,수입,0.002
핀란드,기타 집적회로반도체,시스템반도체,2014,수입,0.0
핀란드,"다이오드, 트랜지스터 및 유사 반도체소자",개별소자,2014,수입,0.011
폴란드,메모리반도체,메모리,2014,수입,0.0
폴란드,디지털 집적회로반도체,시스템반도체,2014,수입,0.003
폴란드,기타 집적회로반도체,시스템반도체,2014,수입,0.0
폴란드,"다이오드, 트랜지스터 및 유사 반도체소자",개별소자,2014,수입,0.011
체코,메모리반도체,메모리,2014,수입,0.0
체코,디지털 집적회로반도체,시스템반도체,2014,수입,0.002
체코,기타 집적회로반도체,시스템반도체,2014,수입,0.0
체코,"다이오드, 트랜지스터 및 유사 반도체소자",개별소자,2014,수입,0.016
루마니아,메모리반도체,메모리,2014,수입,0.0
루마니아,디지털 집적회로반도체,시스템반도체,2014,수입,0.001
루마니아,기타 집적회로반도체,시스템반도체,2014,수입,0.0
루마니아,"다이오드, 트랜지스터 및 유사 반도체소자",개별소자,2014,수입,0.0
불가리아,메모리반도체,메모리,2014,수입,0.0
불가리아,디지털 집적회로반도체,시스템반도체,2014,수입,0.006
불가리아,기타 집적회로반도체,시스템반도체,2014,수입,0.0
불가리아,"다이오드, 트랜지스터 및 유사 반도체소자",개별소자,2014,수입,0.0
러시아,메모리반도체,메모리,2014,수입,0.005
러시아,디지털 집적회로반도체,시스템반도체,2014,수입,0.025
러시아,기타 집적회로반도체,시스템반도체,2014,수입,0.0
러시아,"다이오드, 트랜지스터 및 유사 반도체소자",개별소자,2014,수입,0.006
카나다,메모리반도체,메모리,2014,수입,0.01
카나다,디지털 집적회로반도체,시스템반도체,2014,수입,0.17
카나다,기타 집적회로반도체,시스템반도체,2014,수입,0.005
카나다,"다이오드, 트랜지스터 및 유사 반도체소자",개별소자,2014,수입,0.069
미국,메모리반도체,메모리,2014,수입,1.535
미국,디지털 집적회로반도체,시스템반도체,2014,수입,36.166
미국,기타 집적회로반도체,시스템반도체,2014,수입,0.317
미국,"다이오드, 트랜지스터 및 유사 반도체소자",개별소자,2014,수입,1.681
멕시코,메모리반도체,메모리,2014,수입,0.013
멕시코,디지털 집적회로반도체,시스템반도체,2014,수입,0.167
멕시코,기타 집적회로반도체,시스템반도체,2014,수입,0.01
멕시코,"다이오드, 트랜지스터 및 유사 반도체소자",개별소자,2014,수입,0.115
아르헨티나,메모리반도체,메모리,2014,수입,0.0
아르헨티나,디지털 집적회로반도체,시스템반도체,2014,수입,0.0
아르헨티나,기타 집적회로반도체,시스템반도체,2014,수입,0.0
아르헨티나,"다이오드, 트랜지스터 및 유사 반도체소자",개별소자,2014,수입,0.0
칠레,메모리반도체,메모리,2014,수입,0.0
칠레,디지털 집적회로반도체,시스템반도체,2014,수입,0.0
칠레,기타 집적회로반도체,시스템반도체,2014,수입,0.0
칠레,"다이오드, 트랜지스터 및 유사 반도체소자",개별소자,2014,수입,0.0
브라질,메모리반도체,메모리,2014,수입,0.014
브라질,디지털 집적회로반도체,시스템반도체,2014,수입,0.043
브라질,기타 집적회로반도체,시스템반도체,2014,수입,0.01
브라질,"다이오드, 트랜지스터 및 유사 반도체소자",개별소자,2014,수입,0.012
남아프리카,메모리반도체,메모리,2014,수입,0.0
남아프리카,디지털 집적회로반도체,시스템반도체,2014,수입,0.0
남아프리카,기타 집적회로반도체,시스템반도체,2014,수입,0.0
남아프리카,"다이오드, 트랜지스터 및 유사 반도체소자",개별소자,2014,수입,0.0
일본,메모리반도체,메모리,2015,수출,5.235
일본,디지털 집적회로반도체,시스템반도체,2015,수출,4.503
일본,기타 집적회로반도체,시스템반도체,2015,수출,0.277
일본,"다이오드, 트랜지스터 및 유사 반도체소자",개별소자,2015,수출,5.943
대만,메모리반도체,메모리,2015,수출,8.491
대만,디지털 집적회로반도체,시스템반도체,2015,수출,17.626
대만,기타 집적회로반도체,시스템반도체,2015,수출,1.026
대만,"다이오드, 트랜지스터 및 유사 반도체소자",개별소자,2015,수출,2.934
필리핀,메모리반도체,메모리,2015,수출,20.014
필리핀,디지털 집적회로반도체,시스템반도체,2015,수출,6.685
필리핀,기타 집적회로반도체,시스템반도체,2015,수출,0.28
필리핀,"다이오드, 트랜지스터 및 유사 반도체소자",개별소자,2015,수출,0.806
홍콩,메모리반도체,메모리,2015,수출,23.194
홍콩,디지털 집적회로반도체,시스템반도체,2015,수출,24.649
홍콩,기타 집적회로반도체,시스템반도체,2015,수출,11.334
홍콩,"다이오드, 트랜지스터 및 유사 반도체소자",개별소자,2015,수출,4.438
말레이시아,메모리반도체,메모리,2015,수출,1.125
말레이시아,디지털 집적회로반도체,시스템반도체,2015,수출,4.317
말레이시아,기타 집적회로반도체,시스템반도체,2015,수출,2.795
말레이시아,"다이오드, 트랜지스터 및 유사 반도체소자",개별소자,2015,수출,0.894
싱가포르,메모리반도체,메모리,2015,수출,3.596
싱가포르,디지털 집적회로반도체,시스템반도체,2015,수출,23.076
싱가포르,기타 집적회로반도체,시스템반도체,2015,수출,11.515
싱가포르,"다이오드, 트랜지스터 및 유사 반도체소자",개별소자,2015,수출,1.304
인도네시아,메모리반도체,메모리,2015,수출,0.184
인도네시아,디지털 집적회로반도체,시스템반도체,2015,수출,0.172
인도네시아,기타 집적회로반도체,시스템반도체,2015,수출,0.002
인도네시아,"다이오드, 트랜지스터 및 유사 반도체소자",개별소자,2015,수출,0.144
태국,메모리반도체,메모리,2015,수출,1.921
태국,디지털 집적회로반도체,시스템반도체,2015,수출,0.607
태국,기타 집적회로반도체,시스템반도체,2015,수출,0.321
태국,"다이오드, 트랜지스터 및 유사 반도체소자",개별소자,2015,수출,1.164
인도,메모리반도체,메모리,2015,수출,0.176
인도,디지털 집적회로반도체,시스템반도체,2015,수출,1.114
인도,기타 집적회로반도체,시스템반도체,2015,수출,0.129
인도,"다이오드, 트랜지스터 및 유사 반도체소자",개별소자,2015,수출,0.458
베트남,메모리반도체,메모리,2015,수출,1.019
베트남,디지털 집적회로반도체,시스템반도체,2015,수출,10.1
베트남,기타 집적회로반도체,시스템반도체,2015,수출,3.865
베트남,"다이오드, 트랜지스터 및 유사 반도체소자",개별소자,2015,수출,2.777
중국,메모리반도체,메모리,2015,수출,124.186
중국,디지털 집적회로반도체,시스템반도체,2015,수출,78.643
중국,기타 집적회로반도체,시스템반도체,2015,수출,17.261
중국,"다이오드, 트랜지스터 및 유사 반도체소자",개별소자,2015,수출,23.463
사우디아라비아,메모리반도체,메모리,2015,수출,0.003
사우디아라비아,디지털 집적회로반도체,시스템반도체,2015,수출,0.015
사우디아라비아,기타 집적회로반도체,시스템반도체,2015,수출,0.001
사우디아라비아,"다이오드, 트랜지스터 및 유사 반도체소자",개별소자,2015,수출,0.004
아랍에미리트,메모리반도체,메모리,2015,수출,0.0
아랍에미리트,디지털 집적회로반도체,시스템반도체,2015,수출,0.014
아랍에미리트,기타 집적회로반도체,시스템반도체,2015,수출,0.0
아랍에미리트,"다이오드, 트랜지스터 및 유사 반도체소자",개별소자,2015,수출,0.017
프랑스,메모리반도체,메모리,2015,수출,0.073
프랑스,디지털 집적회로반도체,시스템반도체,2015,수출,0.239
프랑스,기타 집적회로반도체,시스템반도체,2015,수출,0.002
프랑스,"다이오드, 트랜지스터 및 유사 반도체소자",개별소자,2015,수출,0.378
이탈리아,메모리반도체,메모리,2015,수출,0.0
이탈리아,디지털 집적회로반도체,시스템반도체,2015,수출,0.067
이탈리아,기타 집적회로반도체,시스템반도체,2015,수출,0.044
이탈리아,"다이오드, 트랜지스터 및 유사 반도체소자",개별소자,2015,수출,0.136
독일,메모리반도체,메모리,2015,수출,1.311
독일,디지털 집적회로반도체,시스템반도체,2015,수출,2.675
독일,기타 집적회로반도체,시스템반도체,2015,수출,0.078
독일,"다이오드, 트랜지스터 및 유사 반도체소자",개별소자,2015,수출,0.831
네덜란드,메모리반도체,메모리,2015,수출,0.077
네덜란드,디지털 집적회로반도체,시스템반도체,2015,수출,0.58
네덜란드,기타 집적회로반도체,시스템반도체,2015,수출,0.006
네덜란드,"다이오드, 트랜지스터 및 유사 반도체소자",개별소자,2015,수출,0.647
영국,메모리반도체,메모리,2015,수출,5.039
영국,디지털 집적회로반도체,시스템반도체,2015,수출,0.067
영국,기타 집적회로반도체,시스템반도체,2015,수출,0.014
영국,"다이오드, 트랜지스터 및 유사 반도체소자",개별소자,2015,수출,0.249
벨기에,메모리반도체,메모리,2015,수출,0.0
벨기에,디지털 집적회로반도체,시스템반도체,2015,수출,0.002
벨기에,기타 집적회로반도체,시스템반도체,2015,수출,0.0
벨기에,"다이오드, 트랜지스터 및 유사 반도체소자",개별소자,2015,수출,0.06
스페인,메모리반도체,메모리,2015,수출,0.0
스페인,디지털 집적회로반도체,시스템반도체,2015,수출,0.014
스페인,기타 집적회로반도체,시스템반도체,2015,수출,0.003
스페인,"다이오드, 트랜지스터 및 유사 반도체소자",개별소자,2015,수출,0.012
스위스,메모리반도체,메모리,2015,수출,0.0
스위스,디지털 집적회로반도체,시스템반도체,2015,수출,0.073
스위스,기타 집적회로반도체,시스템반도체,2015,수출,0.001
스위스,"다이오드, 트랜지스터 및 유사 반도체소자",개별소자,2015,수출,0.003
오스트리아,메모리반도체,메모리,2015,수출,0.747
오스트리아,디지털 집적회로반도체,시스템반도체,2015,수출,0.692
오스트리아,기타 집적회로반도체,시스템반도체,2015,수출,0.215
오스트리아,"다이오드, 트랜지스터 및 유사 반도체소자",개별소자,2015,수출,0.059
노르웨이,메모리반도체,메모리,2015,수출,0.0
노르웨이,디지털 집적회로반도체,시스템반도체,2015,수출,0.008
노르웨이,기타 집적회로반도체,시스템반도체,2015,수출,0.0
노르웨이,"다이오드, 트랜지스터 및 유사 반도체소자",개별소자,2015,수출,0.0
스웨덴,메모리반도체,메모리,2015,수출,0.006
스웨덴,디지털 집적회로반도체,시스템반도체,2015,수출,0.007
스웨덴,기타 집적회로반도체,시스템반도체,2015,수출,0.016
스웨덴,"다이오드, 트랜지스터 및 유사 반도체소자",개별소자,2015,수출,0.014
핀란드,메모리반도체,메모리,2015,수출,0.003
핀란드,디지털 집적회로반도체,시스템반도체,2015,수출,0.006
핀란드,기타 집적회로반도체,시스템반도체,2015,수출,0.006
핀란드,"다이오드, 트랜지스터 및 유사 반도체소자",개별소자,2015,수출,0.008
폴란드,메모리반도체,메모리,2015,수출,0.143
폴란드,디지털 집적회로반도체,시스템반도체,2015,수출,0.172
폴란드,기타 집적회로반도체,시스템반도체,2015,수출,0.001
폴란드,"다이오드, 트랜지스터 및 유사 반도체소자",개별소자,2015,수출,0.17
체코,메모리반도체,메모리,2015,수출,0.123
체코,디지털 집적회로반도체,시스템반도체,2015,수출,0.001
체코,기타 집적회로반도체,시스템반도체,2015,수출,0.0
체코,"다이오드, 트랜지스터 및 유사 반도체소자",개별소자,2015,수출,0.01
루마니아,메모리반도체,메모리,2015,수출,0.0
루마니아,디지털 집적회로반도체,시스템반도체,2015,수출,0.02
루마니아,기타 집적회로반도체,시스템반도체,2015,수출,0.0
루마니아,"다이오드, 트랜지스터 및 유사 반도체소자",개별소자,2015,수출,0.017
불가리아,메모리반도체,메모리,2015,수출,0.0
불가리아,디지털 집적회로반도체,시스템반도체,2015,수출,0.0
불가리아,기타 집적회로반도체,시스템반도체,2015,수출,0.0
불가리아,"다이오드, 트랜지스터 및 유사 반도체소자",개별소자,2015,수출,0.004
러시아,메모리반도체,메모리,2015,수출,0.123
러시아,디지털 집적회로반도체,시스템반도체,2015,수출,0.038
러시아,기타 집적회로반도체,시스템반도체,2015,수출,0.033
러시아,"다이오드, 트랜지스터 및 유사 반도체소자",개별소자,2015,수출,0.04
카나다,메모리반도체,메모리,2015,수출,0.004
카나다,디지털 집적회로반도체,시스템반도체,2015,수출,0.025
카나다,기타 집적회로반도체,시스템반도체,2015,수출,0.004
카나다,"다이오드, 트랜지스터 및 유사 반도체소자",개별소자,2015,수출,0.157
미국,메모리반도체,메모리,2015,수출,20.804
미국,디지털 집적회로반도체,시스템반도체,2015,수출,3.015
미국,기타 집적회로반도체,시스템반도체,2015,수출,0.646
미국,"다이오드, 트랜지스터 및 유사 반도체소자",개별소자,2015,수출,8.296
멕시코,메모리반도체,메모리,2015,수출,1.407
멕시코,디지털 집적회로반도체,시스템반도체,2015,수출,0.204
멕시코,기타 집적회로반도체,시스템반도체,2015,수출,0.009
멕시코,"다이오드, 트랜지스터 및 유사 반도체소자",개별소자,2015,수출,1.548
아르헨티나,메모리반도체,메모리,2015,수출,0.0
아르헨티나,디지털 집적회로반도체,시스템반도체,2015,수출,0.006
아르헨티나,기타 집적회로반도체,시스템반도체,2015,수출,0.0
아르헨티나,"다이오드, 트랜지스터 및 유사 반도체소자",개별소자,2015,수출,0.007
칠레,메모리반도체,메모리,2015,수출,0.0
칠레,디지털 집적회로반도체,시스템반도체,2015,수출,0.014
칠레,기타 집적회로반도체,시스템반도체,2015,수출,0.0
칠레,"다이오드, 트랜지스터 및 유사 반도체소자",개별소자,2015,수출,0.001
브라질,메모리반도체,메모리,2015,수출,1.385
브라질,디지털 집적회로반도체,시스템반도체,2015,수출,3.063
브라질,기타 집적회로반도체,시스템반도체,2015,수출,0.321
브라질,"다이오드, 트랜지스터 및 유사 반도체소자",개별소자,2015,수출,0.226
남아프리카,메모리반도체,메모리,2015,수출,0.003
남아프리카,디지털 집적회로반도체,시스템반도체,2015,수출,0.001
남아프리카,기타 집적회로반도체,시스템반도체,2015,수출,0.0
남아프리카,"다이오드, 트랜지스터 및 유사 반도체소자",개별소자,2015,수출,0.005
일본,메모리반도체,메모리,2015,수입,3.381
일본,디지털 집적회로반도체,시스템반도체,2015,수입,17.913
일본,기타 집적회로반도체,시스템반도체,2015,수입,0.997
일본,"다이오드, 트랜지스터 및 유사 반도체소자",개별소자,2015,수입,13.489
대만,메모리반도체,메모리,2015,수입,5.739
대만,디지털 집적회로반도체,시스템반도체,2015,수입,91.629
대만,기타 집적회로반도체,시스템반도체,2015,수입,7.272
대만,"다이오드, 트랜지스터 및 유사 반도체소자",개별소자,2015,수입,6.707
필리핀,메모리반도체,메모리,2015,수입,0.819
필리핀,디지털 집적회로반도체,시스템반도체,2015,수입,5.681
필리핀,기타 집적회로반도체,시스템반도체,2015,수입,0.413
필리핀,"다이오드, 트랜지스터 및 유사 반도체소자",개별소자,2015,수입,0.596
홍콩,메모리반도체,메모리,2015,수입,1.217
홍콩,디지털 집적회로반도체,시스템반도체,2015,수입,3.461
홍콩,기타 집적회로반도체,시스템반도체,2015,수입,0.07
홍콩,"다이오드, 트랜지스터 및 유사 반도체소자",개별소자,2015,수입,0.51
말레이시아,메모리반도체,메모리,2015,수입,0.089
말레이시아,디지털 집적회로반도체,시스템반도체,2015,수입,9.235
말레이시아,기타 집적회로반도체,시스템반도체,2015,수입,0.671
말레이시아,"다이오드, 트랜지스터 및 유사 반도체소자",개별소자,2015,수입,5.165
싱가포르,메모리반도체,메모리,2015,수입,1.884
싱가포르,디지털 집적회로반도체,시스템반도체,2015,수입,15.531
싱가포르,기타 집적회로반도체,시스템반도체,2015,수입,6.641
싱가포르,"다이오드, 트랜지스터 및 유사 반도체소자",개별소자,2015,수입,2.624
인도네시아,메모리반도체,메모리,2015,수입,0.004
인도네시아,디지털 집적회로반도체,시스템반도체,2015,수입,0.118
인도네시아,기타 집적회로반도체,시스템반도체,2015,수입,0.086
인도네시아,"다이오드, 트랜지스터 및 유사 반도체소자",개별소자,2015,수입,0.058
태국,메모리반도체,메모리,2015,수입,0.585
태국,디지털 집적회로반도체,시스템반도체,2015,수입,3.671
태국,기타 집적회로반도체,시스템반도체,2015,수입,0.094
태국,"다이오드, 트랜지스터 및 유사 반도체소자",개별소자,2015,수입,0.742
인도,메모리반도체,메모리,2015,수입,0.001
인도,디지털 집적회로반도체,시스템반도체,2015,수입,0.077
인도,기타 집적회로반도체,시스템반도체,2015,수입,0.001
인도,"다이오드, 트랜지스터 및 유사 반도체소자",개별소자,2015,수입,0.011
베트남,메모리반도체,메모리,2015,수입,0.081
베트남,디지털 집적회로반도체,시스템반도체,2015,수입,0.28
베트남,기타 집적회로반도체,시스템반도체,2015,수입,0.09
베트남,"다이오드, 트랜지스터 및 유사 반도체소자",개별소자,2015,수입,0.572
중국,메모리반도체,메모리,2015,수입,35.418
중국,디지털 집적회로반도체,시스템반도체,2015,수입,21.963
중국,기타 집적회로반도체,시스템반도체,2015,수입,9.498
중국,"다이오드, 트랜지스터 및 유사 반도체소자",개별소자,2015,수입,21.982
사우디아라비아,메모리반도체,메모리,2015,수입,0.0
사우디아라비아,디지털 집적회로반도체,시스템반도체,2015,수입,0.0
사우디아라비아,기타 집적회로반도체,시스템반도체,2015,수입,0.0
사우디아라비아,"다이오드, 트랜지스터 및 유사 반도체소자",개별소자,2015,수입,0.0
아랍에미리트,메모리반도체,메모리,2015,수입,0.0
아랍에미리트,디지털 집적회로반도체,시스템반도체,2015,수입,0.016
아랍에미리트,기타 집적회로반도체,시스템반도체,2015,수입,0.0
아랍에미리트,"다이오드, 트랜지스터 및 유사 반도체소자",개별소자,2015,수입,0.0
프랑스,메모리반도체,메모리,2015,수입,0.018
프랑스,디지털 집적회로반도체,시스템반도체,2015,수입,1.647
프랑스,기타 집적회로반도체,시스템반도체,2015,수입,0.05
프랑스,"다이오드, 트랜지스터 및 유사 반도체소자",개별소자,2015,수입,0.067
이탈리아,메모리반도체,메모리,2015,수입,0.0
이탈리아,디지털 집적회로반도체,시스템반도체,2015,수입,0.116
이탈리아,기타 집적회로반도체,시스템반도체,2015,수입,0.003
이탈리아,"다이오드, 트랜지스터 및 유사 반도체소자",개별소자,2015,수입,0.078
독일,메모리반도체,메모리,2015,수입,0.052
독일,디지털 집적회로반도체,시스템반도체,2015,수입,5.165
독일,기타 집적회로반도체,시스템반도체,2015,수입,0.209
독일,"다이오드, 트랜지스터 및 유사 반도체소자",개별소자,2015,수입,0.846
네덜란드,메모리반도체,메모리,2015,수입,0.002
네덜란드,디지털 집적회로반도체,시스템반도체,2015,수입,0.018
네덜란드,기타 집적회로반도체,시스템반도체,2015,수입,0.067
네덜란드,"다이오드, 트랜지스터 및 유사 반도체소자",개별소자,2015,수입,0.021
영국,메모리반도체,메모리,2015,수입,0.05
영국,디지털 집적회로반도체,시스템반도체,2015,수입,0.043
영국,기타 집적회로반도체,시스템반도체,2015,수입,0.058
영국,"다이오드, 트랜지스터 및 유사 반도체소자",개별소자,2015,수입,0.086
벨기에,메모리반도체,메모리,2015,수입,0.0
벨기에,디지털 집적회로반도체,시스템반도체,2015,수입,0.09
벨기에,기타 집적회로반도체,시스템반도체,2015,수입,0.0
벨기에,"다이오드, 트랜지스터 및 유사 반도체소자",개별소자,2015,수입,0.053
스페인,메모리반도체,메모리,2015,수입,0.002
스페인,디지털 집적회로반도체,시스템반도체,2015,수입,0.011
스페인,기타 집적회로반도체,시스템반도체,2015,수입,0.004
스페인,"다이오드, 트랜지스터 및 유사 반도체소자",개별소자,2015,수입,0.002
스위스,메모리반도체,메모리,2015,수입,0.0
스위스,디지털 집적회로반도체,시스템반도체,2015,수입,0.207
스위스,기타 집적회로반도체,시스템반도체,2015,수입,0.001
스위스,"다이오드, 트랜지스터 및 유사 반도체소자",개별소자,2015,수입,0.075
오스트리아,메모리반도체,메모리,2015,수입,0.0
오스트리아,디지털 집적회로반도체,시스템반도체,2015,수입,0.598
오스트리아,기타 집적회로반도체,시스템반도체,2015,수입,0.121
오스트리아,"다이오드, 트랜지스터 및 유사 반도체소자",개별소자,2015,수입,0.207
노르웨이,메모리반도체,메모리,2015,수입,0.0
노르웨이,디지털 집적회로반도체,시스템반도체,2015,수입,0.001
노르웨이,기타 집적회로반도체,시스템반도체,2015,수입,0.0
노르웨이,"다이오드, 트랜지스터 및 유사 반도체소자",개별소자,2015,수입,0.001
스웨덴,메모리반도체,메모리,2015,수입,0.012
스웨덴,디지털 집적회로반도체,시스템반도체,2015,수입,0.069
스웨덴,기타 집적회로반도체,시스템반도체,2015,수입,0.007
스웨덴,"다이오드, 트랜지스터 및 유사 반도체소자",개별소자,2015,수입,0.285
핀란드,메모리반도체,메모리,2015,수입,0.031
핀란드,디지털 집적회로반도체,시스템반도체,2015,수입,0.001
핀란드,기타 집적회로반도체,시스템반도체,2015,수입,0.0
핀란드,"다이오드, 트랜지스터 및 유사 반도체소자",개별소자,2015,수입,0.002
폴란드,메모리반도체,메모리,2015,수입,0.0
폴란드,디지털 집적회로반도체,시스템반도체,2015,수입,0.002
폴란드,기타 집적회로반도체,시스템반도체,2015,수입,0.0
폴란드,"다이오드, 트랜지스터 및 유사 반도체소자",개별소자,2015,수입,0.005
체코,메모리반도체,메모리,2015,수입,0.0
체코,디지털 집적회로반도체,시스템반도체,2015,수입,0.002
체코,기타 집적회로반도체,시스템반도체,2015,수입,0.0
체코,"다이오드, 트랜지스터 및 유사 반도체소자",개별소자,2015,수입,0.022
루마니아,메모리반도체,메모리,2015,수입,0.0
루마니아,디지털 집적회로반도체,시스템반도체,2015,수입,0.001
루마니아,기타 집적회로반도체,시스템반도체,2015,수입,0.0
루마니아,"다이오드, 트랜지스터 및 유사 반도체소자",개별소자,2015,수입,0.0
불가리아,메모리반도체,메모리,2015,수입,0.0
불가리아,디지털 집적회로반도체,시스템반도체,2015,수입,0.008
불가리아,기타 집적회로반도체,시스템반도체,2015,수입,0.0
불가리아,"다이오드, 트랜지스터 및 유사 반도체소자",개별소자,2015,수입,0.0
러시아,메모리반도체,메모리,2015,수입,0.015
러시아,디지털 집적회로반도체,시스템반도체,2015,수입,0.023
러시아,기타 집적회로반도체,시스템반도체,2015,수입,0.003
러시아,"다이오드, 트랜지스터 및 유사 반도체소자",개별소자,2015,수입,0.006
카나다,메모리반도체,메모리,2015,수입,0.001
카나다,디지털 집적회로반도체,시스템반도체,2015,수입,0.091
카나다,기타 집적회로반도체,시스템반도체,2015,수입,0.005
카나다,"다이오드, 트랜지스터 및 유사 반도체소자",개별소자,2015,수입,0.01
미국,메모리반도체,메모리,2015,수입,1.723
미국,디지털 집적회로반도체,시스템반도체,2015,수입,35.403
미국,기타 집적회로반도체,시스템반도체,2015,수입,0.445
미국,"다이오드, 트랜지스터 및 유사 반도체소자",개별소자,2015,수입,1.528
멕시코,메모리반도체,메모리,2015,수입,0.008
멕시코,디지털 집적회로반도체,시스템반도체,2015,수입,0.158
멕시코,기타 집적회로반도체,시스템반도체,2015,수입,0.005
멕시코,"다이오드, 트랜지스터 및 유사 반도체소자",개별소자,2015,수입,0.132
아르헨티나,메모리반도체,메모리,2015,수입,0.0
아르헨티나,디지털 집적회로반도체,시스템반도체,2015,수입,0.0
아르헨티나,기타 집적회로반도체,시스템반도체,2015,수입,0.0
아르헨티나,"다이오드, 트랜지스터 및 유사 반도체소자",개별소자,2015,수입,0.0
칠레,메모리반도체,메모리,2015,수입,0.0
칠레,디지털 집적회로반도체,시스템반도체,2015,수입,0.0
칠레,기타 집적회로반도체,시스템반도체,2015,수입,0.0
칠레,"다이오드, 트랜지스터 및 유사 반도체소자",개별소자,2015,수입,0.0
브라질,메모리반도체,메모리,2015,수입,0.009
브라질,디지털 집적회로반도체,시스템반도체,2015,수입,0.027
브라질,기타 집적회로반도체,시스템반도체,2015,수입,0.012
브라질,"다이오드, 트랜지스터 및 유사 반도체소자",개별소자,2015,수입,0.004
남아프리카,메모리반도체,메모리,2015,수입,0.0
남아프리카,디지털 집적회로반도체,시스템반도체,2015,수입,0.0
남아프리카,기타 집적회로반도체,시스템반도체,2015,수입,0.0
남아프리카,"다이오드, 트랜지스터 및 유사 반도체소자",개별소자,2015,수입,0.0
일본,메모리반도체,메모리,2016,수출,3.64
일본,디지털 집적회로반도체,시스템반도체,2016,수출,4.621
일본,기타 집적회로반도체,시스템반도체,2016,수출,0.073
일본,"다이오드, 트랜지스터 및 유사 반도체소자",개별소자,2016,수출,4.665
대만,메모리반도체,메모리,2016,수출,8.146
대만,디지털 집적회로반도체,시스템반도체,2016,수출,16.778
대만,기타 집적회로반도체,시스템반도체,2016,수출,0.673
대만,"다이오드, 트랜지스터 및 유사 반도체소자",개별소자,2016,수출,2.849
필리핀,메모리반도체,메모리,2016,수출,11.766
필리핀,디지털 집적회로반도체,시스템반도체,2016,수출,7.786
필리핀,기타 집적회로반도체,시스템반도체,2016,수출,0.26
필리핀,"다이오드, 트랜지스터 및 유사 반도체소자",개별소자,2016,수출,1.034
홍콩,메모리반도체,메모리,2016,수출,19.532
홍콩,디지털 집적회로반도체,시스템반도체,2016,수출,29.313
홍콩,기타 집적회로반도체,시스템반도체,2016,수출,2.626
홍콩,"다이오드, 트랜지스터 및 유사 반도체소자",개별소자,2016,수출,3.53
말레이시아,메모리반도체,메모리,2016,수출,0.678
말레이시아,디지털 집적회로반도체,시스템반도체,2016,수출,5.245
말레이시아,기타 집적회로반도체,시스템반도체,2016,수출,3.537
말레이시아,"다이오드, 트랜지스터 및 유사 반도체소자",개별소자,2016,수출,1.068
싱가포르,메모리반도체,메모리,2016,수출,2.602
싱가포르,디지털 집적회로반도체,시스템반도체,2016,수출,26.114
싱가포르,기타 집적회로반도체,시스템반도체,2016,수출,4.567
싱가포르,"다이오드, 트랜지스터 및 유사 반도체소자",개별소자,2016,수출,1.005
인도네시아,메모리반도체,메모리,2016,수출,0.171
인도네시아,디지털 집적회로반도체,시스템반도체,2016,수출,0.195
인도네시아,기타 집적회로반도체,시스템반도체,2016,수출,0.002
인도네시아,"다이오드, 트랜지스터 및 유사 반도체소자",개별소자,2016,수출,0.167
태국,메모리반도체,메모리,2016,수출,1.119
태국,디지털 집적회로반도체,시스템반도체,2016,수출,2.263
태국,기타 집적회로반도체,시스템반도체,2016,수출,0.394
태국,"다이오드, 트랜지스터 및 유사 반도체소자",개별소자,2016,수출,1.073
인도,메모리반도체,메모리,2016,수출,0.19
인도,디지털 집적회로반도체,시스템반도체,2016,수출,1.766
인도,기타 집적회로반도체,시스템반도체,2016,수출,0.086
인도,"다이오드, 트랜지스터 및 유사 반도체소자",개별소자,2016,수출,0.525
베트남,메모리반도체,메모리,2016,수출,5.517
베트남,디지털 집적회로반도체,시스템반도체,2016,수출,21.492
베트남,기타 집적회로반도체,시스템반도체,2016,수출,2.654
베트남,"다이오드, 트랜지스터 및 유사 반도체소자",개별소자,2016,수출,4.98
중국,메모리반도체,메모리,2016,수출,120.836
중국,디지털 집적회로반도체,시스템반도체,2016,수출,59.297
중국,기타 집적회로반도체,시스템반도체,2016,수출,4.763
중국,"다이오드, 트랜지스터 및 유사 반도체소자",개별소자,2016,수출,22.68
사우디아라비아,메모리반도체,메모리,2016,수출,0.001
사우디아라비아,디지털 집적회로반도체,시스템반도체,2016,수출,0.002
사우디아라비아,기타 집적회로반도체,시스템반도체,2016,수출,0.001
사우디아라비아,"다이오드, 트랜지스터 및 유사 반도체소자",개별소자,2016,수출,0.003
아랍에미리트,메모리반도체,메모리,2016,수출,0.003
아랍에미리트,디지털 집적회로반도체,시스템반도체,2016,수출,0.01
아랍에미리트,기타 집적회로반도체,시스템반도체,2016,수출,0.001
아랍에미리트,"다이오드, 트랜지스터 및 유사 반도체소자",개별소자,2016,수출,0.032
프랑스,메모리반도체,메모리,2016,수출,0.044
프랑스,디지털 집적회로반도체,시스템반도체,2016,수출,0.477
프랑스,기타 집적회로반도체,시스템반도체,2016,수출,0.003
프랑스,"다이오드, 트랜지스터 및 유사 반도체소자",개별소자,2016,수출,0.406
이탈리아,메모리반도체,메모리,2016,수출,0.0
이탈리아,디지털 집적회로반도체,시스템반도체,2016,수출,0.046
이탈리아,기타 집적회로반도체,시스템반도체,2016,수출,0.054
이탈리아,"다이오드, 트랜지스터 및 유사 반도체소자",개별소자,2016,수출,0.158
독일,메모리반도체,메모리,2016,수출,0.977
독일,디지털 집적회로반도체,시스템반도체,2016,수출,2.69
독일,기타 집적회로반도체,시스템반도체,2016,수출,0.081
독일,"다이오드, 트랜지스터 및 유사 반도체소자",개별소자,2016,수출,1.238
네덜란드,메모리반도체,메모리,2016,수출,0.132
네덜란드,디지털 집적회로반도체,시스템반도체,2016,수출,0.906
네덜란드,기타 집적회로반도체,시스템반도체,2016,수출,0.004
네덜란드,"다이오드, 트랜지스터 및 유사 반도체소자",개별소자,2016,수출,0.744
영국,메모리반도체,메모리,2016,수출,2.841
영국,디지털 집적회로반도체,시스템반도체,2016,수출,0.052
영국,기타 집적회로반도체,시스템반도체,2016,수출,0.011
영국,"다이오드, 트랜지스터 및 유사 반도체소자",개별소자,2016,수출,0.038
벨기에,메모리반도체,메모리,2016,수출,0.001
벨기에,디지털 집적회로반도체,시스템반도체,2016,수출,0.006
벨기에,기타 집적회로반도체,시스템반도체,2016,수출,0.0
벨기에,"다이오드, 트랜지스터 및 유사 반도체소자",개별소자,2016,수출,0.126
스페인,메모리반도체,메모리,2016,수출,0.0
스페인,디지털 집적회로반도체,시스템반도체,2016,수출,0.01
스페인,기타 집적회로반도체,시스템반도체,2016,수출,0.001
스페인,"다이오드, 트랜지스터 및 유사 반도체소자",개별소자,2016,수출,0.011
스위스,메모리반도체,메모리,2016,수출,0.0
스위스,디지털 집적회로반도체,시스템반도체,2016,수출,0.069
스위스,기타 집적회로반도체,시스템반도체,2016,수출,0.001
스위스,"다이오드, 트랜지스터 및 유사 반도체소자",개별소자,2016,수출,0.007
오스트리아,메모리반도체,메모리,2016,수출,0.204
오스트리아,디지털 집적회로반도체,시스템반도체,2016,수출,0.561
오스트리아,기타 집적회로반도체,시스템반도체,2016,수출,0.082
오스트리아,"다이오드, 트랜지스터 및 유사 반도체소자",개별소자,2016,수출,0.063
노르웨이,메모리반도체,메모리,2016,수출,0.0
노르웨이,디지털 집적회로반도체,시스템반도체,2016,수출,0.002
노르웨이,기타 집적회로반도체,시스템반도체,2016,수출,0.0
노르웨이,"다이오드, 트랜지스터 및 유사 반도체소자",개별소자,2016,수출,0.001
스웨덴,메모리반도체,메모리,2016,수출,0.006
스웨덴,디지털 집적회로반도체,시스템반도체,2016,수출,0.005
스웨덴,기타 집적회로반도체,시스템반도체,2016,수출,0.006
스웨덴,"다이오드, 트랜지스터 및 유사 반도체소자",개별소자,2016,수출,0.02
핀란드,메모리반도체,메모리,2016,수출,0.007
핀란드,디지털 집적회로반도체,시스템반도체,2016,수출,0.007
핀란드,기타 집적회로반도체,시스템반도체,2016,수출,0.006
핀란드,"다이오드, 트랜지스터 및 유사 반도체소자",개별소자,2016,수출,0.004
폴란드,메모리반도체,메모리,2016,수출,0.088
폴란드,디지털 집적회로반도체,시스템반도체,2016,수출,0.138
폴란드,기타 집적회로반도체,시스템반도체,2016,수출,0.003
폴란드,"다이오드, 트랜지스터 및 유사 반도체소자",개별소자,2016,수출,0.094
체코,메모리반도체,메모리,2016,수출,0.148
체코,디지털 집적회로반도체,시스템반도체,2016,수출,0.006
체코,기타 집적회로반도체,시스템반도체,2016,수출,0.0
체코,"다이오드, 트랜지스터 및 유사 반도체소자",개별소자,2016,수출,0.005
루마니아,메모리반도체,메모리,2016,수출,0.0
루마니아,디지털 집적회로반도체,시스템반도체,2016,수출,0.021
루마니아,기타 집적회로반도체,시스템반도체,2016,수출,0.001
루마니아,"다이오드, 트랜지스터 및 유사 반도체소자",개별소자,2016,수출,0.021
불가리아,메모리반도체,메모리,2016,수출,0.0
불가리아,디지털 집적회로반도체,시스템반도체,2016,수출,0.0
불가리아,기타 집적회로반도체,시스템반도체,2016,수출,0.0
불가리아,"다이오드, 트랜지스터 및 유사 반도체소자",개별소자,2016,수출,0.008
러시아,메모리반도체,메모리,2016,수출,0.053
러시아,디지털 집적회로반도체,시스템반도체,2016,수출,0.052
러시아,기타 집적회로반도체,시스템반도체,2016,수출,0.006
러시아,"다이오드, 트랜지스터 및 유사 반도체소자",개별소자,2016,수출,0.038
카나다,메모리반도체,메모리,2016,수출,0.027
카나다,디지털 집적회로반도체,시스템반도체,2016,수출,0.018
카나다,기타 집적회로반도체,시스템반도체,2016,수출,0.002
카나다,"다이오드, 트랜지스터 및 유사 반도체소자",개별소자,2016,수출,0.21
미국,메모리반도체,메모리,2016,수출,14.616
미국,디지털 집적회로반도체,시스템반도체,2016,수출,2.577
미국,기타 집적회로반도체,시스템반도체,2016,수출,0.257
미국,"다이오드, 트랜지스터 및 유사 반도체소자",개별소자,2016,수출,14.815
멕시코,메모리반도체,메모리,2016,수출,0.989
멕시코,디지털 집적회로반도체,시스템반도체,2016,수출,0.224
멕시코,기타 집적회로반도체,시스템반도체,2016,수출,0.015
멕시코,"다이오드, 트랜지스터 및 유사 반도체소자",개별소자,2016,수출,0.446
아르헨티나,메모리반도체,메모리,2016,수출,0.0
아르헨티나,디지털 집적회로반도체,시스템반도체,2016,수출,0.002
아르헨티나,기타 집적회로반도체,시스템반도체,2016,수출,0.0
아르헨티나,"다이오드, 트랜지스터 및 유사 반도체소자",개별소자,2016,수출,0.002
칠레,메모리반도체,메모리,2016,수출,0.0
칠레,디지털 집적회로반도체,시스템반도체,2016,수출,0.015
칠레,기타 집적회로반도체,시스템반도체,2016,수출,0.0
칠레,"다이오드, 트랜지스터 및 유사 반도체소자",개별소자,2016,수출,0.04
브라질,메모리반도체,메모리,2016,수출,1.739
브라질,디지털 집적회로반도체,시스템반도체,2016,수출,3.0
브라질,기타 집적회로반도체,시스템반도체,2016,수출,0.141
브라질,"다이오드, 트랜지스터 및 유사 반도체소자",개별소자,2016,수출,0.234
남아프리카,메모리반도체,메모리,2016,수출,0.001
남아프리카,디지털 집적회로반도체,시스템반도체,2016,수출,0.001
남아프리카,기타 집적회로반도체,시스템반도체,2016,수출,0.0
남아프리카,"다이오드, 트랜지스터 및 유사 반도체소자",개별소자,2016,수출,0.004
일본,메모리반도체,메모리,2016,수입,1.608
일본,디지털 집적회로반도체,시스템반도체,2016,수입,19.729
일본,기타 집적회로반도체,시스템반도체,2016,수입,1.781
일본,"다이오드, 트랜지스터 및 유사 반도체소자",개별소자,2016,수입,15.192
대만,메모리반도체,메모리,2016,수입,4.067
대만,디지털 집적회로반도체,시스템반도체,2016,수입,91.027
대만,기타 집적회로반도체,시스템반도체,2016,수입,4.787
대만,"다이오드, 트랜지스터 및 유사 반도체소자",개별소자,2016,수입,5.822
필리핀,메모리반도체,메모리,2016,수입,0.642
필리핀,디지털 집적회로반도체,시스템반도체,2016,수입,6.248
필리핀,기타 집적회로반도체,시스템반도체,2016,수입,0.336
필리핀,"다이오드, 트랜지스터 및 유사 반도체소자",개별소자,2016,수입,0.509
홍콩,메모리반도체,메모리,2016,수입,0.857
홍콩,디지털 집적회로반도체,시스템반도체,2016,수입,3.338
홍콩,기타 집적회로반도체,시스템반도체,2016,수입,0.101
홍콩,"다이오드, 트랜지스터 및 유사 반도체소자",개별소자,2016,수입,0.449
말레이시아,메모리반도체,메모리,2016,수입,0.107
말레이시아,디지털 집적회로반도체,시스템반도체,2016,수입,10.235
말레이시아,기타 집적회로반도체,시스템반도체,2016,수입,0.753
말레이시아,"다이오드, 트랜지스터 및 유사 반도체소자",개별소자,2016,수입,3.656
싱가포르,메모리반도체,메모리,2016,수입,1.653
싱가포르,디지털 집적회로반도체,시스템반도체,2016,수입,10.474
싱가포르,기타 집적회로반도체,시스템반도체,2016,수입,3.426
싱가포르,"다이오드, 트랜지스터 및 유사 반도체소자",개별소자,2016,수입,2.65
인도네시아,메모리반도체,메모리,2016,수입,0.005
인도네시아,디지털 집적회로반도체,시스템반도체,2016,수입,0.274
인도네시아,기타 집적회로반도체,시스템반도체,2016,수입,0.111
인도네시아,"다이오드, 트랜지스터 및 유사 반도체소자",개별소자,2016,수입,0.053
태국,메모리반도체,메모리,2016,수입,0.543
태국,디지털 집적회로반도체,시스템반도체,2016,수입,3.635
태국,기타 집적회로반도체,시스템반도체,2016,수입,0.085
태국,"다이오드, 트랜지스터 및 유사 반도체소자",개별소자,2016,수입,1.055
인도,메모리반도체,메모리,2016,수입,0.001
인도,디지털 집적회로반도체,시스템반도체,2016,수입,0.088
인도,기타 집적회로반도체,시스템반도체,2016,수입,0.0
인도,"다이오드, 트랜지스터 및 유사 반도체소자",개별소자,2016,수입,0.017
베트남,메모리반도체,메모리,2016,수입,0.036
베트남,디지털 집적회로반도체,시스템반도체,2016,수입,0.406
베트남,기타 집적회로반도체,시스템반도체,2016,수입,0.026
베트남,"다이오드, 트랜지스터 및 유사 반도체소자",개별소자,2016,수입,0.682
중국,메모리반도체,메모리,2016,수입,29.902
중국,디지털 집적회로반도체,시스템반도체,2016,수입,19.88
중국,기타 집적회로반도체,시스템반도체,2016,수입,5.017
중국,"다이오드, 트랜지스터 및 유사 반도체소자",개별소자,2016,수입,22.492
사우디아라비아,메모리반도체,메모리,2016,수입,0.0
사우디아라비아,디지털 집적회로반도체,시스템반도체,2016,수입,0.0
사우디아라비아,기타 집적회로반도체,시스템반도체,2016,수입,0.0
사우디아라비아,"다이오드, 트랜지스터 및 유사 반도체소자",개별소자,2016,수입,0.0
아랍에미리트,메모리반도체,메모리,2016,수입,0.006
아랍에미리트,디지털 집적회로반도체,시스템반도체,2016,수입,0.008
아랍에미리트,기타 집적회로반도체,시스템반도체,2016,수입,0.0
아랍에미리트,"다이오드, 트랜지스터 및 유사 반도체소자",개별소자,2016,수입,0.0
프랑스,메모리반도체,메모리,2016,수입,0.054
프랑스,디지털 집적회로반도체,시스템반도체,2016,수입,2.082
프랑스,기타 집적회로반도체,시스템반도체,2016,수입,0.002
프랑스,"다이오드, 트랜지스터 및 유사 반도체소자",개별소자,2016,수입,0.069
이탈리아,메모리반도체,메모리,2016,수입,0.0
이탈리아,디지털 집적회로반도체,시스템반도체,2016,수입,0.164
이탈리아,기타 집적회로반도체,시스템반도체,2016,수입,0.001
이탈리아,"다이오드, 트랜지스터 및 유사 반도체소자",개별소자,2016,수입,0.054
독일,메모리반도체,메모리,2016,수입,0.015
독일,디지털 집적회로반도체,시스템반도체,2016,수입,4.638
독일,기타 집적회로반도체,시스템반도체,2016,수입,0.17
독일,"다이오드, 트랜지스터 및 유사 반도체소자",개별소자,2016,수입,0.543
네덜란드,메모리반도체,메모리,2016,수입,0.002
네덜란드,디지털 집적회로반도체,시스템반도체,2016,수입,0.004
네덜란드,기타 집적회로반도체,시스템반도체,2016,수입,0.097
네덜란드,"다이오드, 트랜지스터 및 유사 반도체소자",개별소자,2016,수입,0.005
영국,메모리반도체,메모리,2016,수입,0.033
영국,디지털 집적회로반도체,시스템반도체,2016,수입,0.047
영국,기타 집적회로반도체,시스템반도체,2016,수입,0.006
영국,"다이오드, 트랜지스터 및 유사 반도체소자",개별소자,2016,수입,0.07
벨기에,메모리반도체,메모리,2016,수입,0.0
벨기에,디지털 집적회로반도체,시스템반도체,2016,수입,0.054
벨기에,기타 집적회로반도체,시스템반도체,2016,수입,0.0
벨기에,"다이오드, 트랜지스터 및 유사 반도체소자",개별소자,2016,수입,0.021
스페인,메모리반도체,메모리,2016,수입,0.0
스페인,디지털 집적회로반도체,시스템반도체,2016,수입,0.006
스페인,기타 집적회로반도체,시스템반도체,2016,수입,0.0
스페인,"다이오드, 트랜지스터 및 유사 반도체소자",개별소자,2016,수입,0.002
스위스,메모리반도체,메모리,2016,수입,0.0
스위스,디지털 집적회로반도체,시스템반도체,2016,수입,0.189
스위스,기타 집적회로반도체,시스템반도체,2016,수입,0.001
스위스,"다이오드, 트랜지스터 및 유사 반도체소자",개별소자,2016,수입,0.045
오스트리아,메모리반도체,메모리,2016,수입,0.0
오스트리아,디지털 집적회로반도체,시스템반도체,2016,수입,0.337
오스트리아,기타 집적회로반도체,시스템반도체,2016,수입,0.027
오스트리아,"다이오드, 트랜지스터 및 유사 반도체소자",개별소자,2016,수입,0.125
노르웨이,메모리반도체,메모리,2016,수입,0.0
노르웨이,디지털 집적회로반도체,시스템반도체,2016,수입,0.001
노르웨이,기타 집적회로반도체,시스템반도체,2016,수입,0.0
노르웨이,"다이오드, 트랜지스터 및 유사 반도체소자",개별소자,2016,수입,0.0
스웨덴,메모리반도체,메모리,2016,수입,0.005
스웨덴,디지털 집적회로반도체,시스템반도체,2016,수입,0.016
스웨덴,기타 집적회로반도체,시스템반도체,2016,수입,0.008
스웨덴,"다이오드, 트랜지스터 및 유사 반도체소자",개별소자,2016,수입,0.173
핀란드,메모리반도체,메모리,2016,수입,0.0
핀란드,디지털 집적회로반도체,시스템반도체,2016,수입,0.001
핀란드,기타 집적회로반도체,시스템반도체,2016,수입,0.0
핀란드,"다이오드, 트랜지스터 및 유사 반도체소자",개별소자,2016,수입,0.004
폴란드,메모리반도체,메모리,2016,수입,0.001
폴란드,디지털 집적회로반도체,시스템반도체,2016,수입,0.002
폴란드,기타 집적회로반도체,시스템반도체,2016,수입,0.0
폴란드,"다이오드, 트랜지스터 및 유사 반도체소자",개별소자,2016,수입,0.01
체코,메모리반도체,메모리,2016,수입,0.0
체코,디지털 집적회로반도체,시스템반도체,2016,수입,0.001
체코,기타 집적회로반도체,시스템반도체,2016,수입,0.001
체코,"다이오드, 트랜지스터 및 유사 반도체소자",개별소자,2016,수입,0.011
루마니아,메모리반도체,메모리,2016,수입,0.0
루마니아,디지털 집적회로반도체,시스템반도체,2016,수입,0.0
루마니아,기타 집적회로반도체,시스템반도체,2016,수입,0.0
루마니아,"다이오드, 트랜지스터 및 유사 반도체소자",개별소자,2016,수입,0.0
불가리아,메모리반도체,메모리,2016,수입,0.0
불가리아,디지털 집적회로반도체,시스템반도체,2016,수입,0.007
불가리아,기타 집적회로반도체,시스템반도체,2016,수입,0.0
불가리아,"다이오드, 트랜지스터 및 유사 반도체소자",개별소자,2016,수입,0.001
러시아,메모리반도체,메모리,2016,수입,0.001
러시아,디지털 집적회로반도체,시스템반도체,2016,수입,0.018
러시아,기타 집적회로반도체,시스템반도체,2016,수입,0.0
러시아,"다이오드, 트랜지스터 및 유사 반도체소자",개별소자,2016,수입,0.01
카나다,메모리반도체,메모리,2016,수입,0.001
카나다,디지털 집적회로반도체,시스템반도체,2016,수입,0.115
카나다,기타 집적회로반도체,시스템반도체,2016,수입,0.001
카나다,"다이오드, 트랜지스터 및 유사 반도체소자",개별소자,2016,수입,0.025
미국,메모리반도체,메모리,2016,수입,0.989
미국,디지털 집적회로반도체,시스템반도체,2016,수입,33.528
미국,기타 집적회로반도체,시스템반도체,2016,수입,0.385
미국,"다이오드, 트랜지스터 및 유사 반도체소자",개별소자,2016,수입,1.761
멕시코,메모리반도체,메모리,2016,수입,0.025
멕시코,디지털 집적회로반도체,시스템반도체,2016,수입,0.135
멕시코,기타 집적회로반도체,시스템반도체,2016,수입,0.008
멕시코,"다이오드, 트랜지스터 및 유사 반도체소자",개별소자,2016,수입,0.185
아르헨티나,메모리반도체,메모리,2016,수입,0.0
아르헨티나,디지털 집적회로반도체,시스템반도체,2016,수입,0.0
아르헨티나,기타 집적회로반도체,시스템반도체,2016,수입,0.0
아르헨티나,"다이오드, 트랜지스터 및 유사 반도체소자",개별소자,2016,수입,0.0
칠레,메모리반도체,메모리,2016,수입,0.0
칠레,디지털 집적회로반도체,시스템반도체,2016,수입,0.0
칠레,기타 집적회로반도체,시스템반도체,2016,수입,0.0
칠레,"다이오드, 트랜지스터 및 유사 반도체소자",개별소자,2016,수입,0.0
브라질,메모리반도체,메모리,2016,수입,0.002
브라질,디지털 집적회로반도체,시스템반도체,2016,수입,0.012
브라질,기타 집적회로반도체,시스템반도체,2016,수입,0.001
브라질,"다이오드, 트랜지스터 및 유사 반도체소자",개별소자,2016,수입,0.002
남아프리카,메모리반도체,메모리,2016,수입,0.0
남아프리카,디지털 집적회로반도체,시스템반도체,2016,수입,0.0
남아프리카,기타 집적회로반도체,시스템반도체,2016,수입,0.0
남아프리카,"다이오드, 트랜지스터 및 유사 반도체소자",개별소자,2016,수입,0.0
일본,메모리반도체,메모리,2017,수출,3.805
일본,디지털 집적회로반도체,시스템반도체,2017,수출,3.41
일본,기타 집적회로반도체,시스템반도체,2017,수출,0.066
일본,"다이오드, 트랜지스터 및 유사 반도체소자",개별소자,2017,수출,5.076
대만,메모리반도체,메모리,2017,수출,13.303
대만,디지털 집적회로반도체,시스템반도체,2017,수출,20.744
대만,기타 집적회로반도체,시스템반도체,2017,수출,1.277
대만,"다이오드, 트랜지스터 및 유사 반도체소자",개별소자,2017,수출,2.963
필리핀,메모리반도체,메모리,2017,수출,32.608
필리핀,디지털 집적회로반도체,시스템반도체,2017,수출,8.559
필리핀,기타 집적회로반도체,시스템반도체,2017,수출,0.311
필리핀,"다이오드, 트랜지스터 및 유사 반도체소자",개별소자,2017,수출,1.065
홍콩,메모리반도체,메모리,2017,수출,104.46
홍콩,디지털 집적회로반도체,시스템반도체,2017,수출,34.67
홍콩,기타 집적회로반도체,시스템반도체,2017,수출,0.9
홍콩,"다이오드, 트랜지스터 및 유사 반도체소자",개별소자,2017,수출,4.019
말레이시아,메모리반도체,메모리,2017,수출,1.119
말레이시아,디지털 집적회로반도체,시스템반도체,2017,수출,4.542
말레이시아,기타 집적회로반도체,시스템반도체,2017,수출,3.745
말레이시아,"다이오드, 트랜지스터 및 유사 반도체소자",개별소자,2017,수출,0.37
싱가포르,메모리반도체,메모리,2017,수출,3.799
싱가포르,디지털 집적회로반도체,시스템반도체,2017,수출,22.437
싱가포르,기타 집적회로반도체,시스템반도체,2017,수출,3.218
싱가포르,"다이오드, 트랜지스터 및 유사 반도체소자",개별소자,2017,수출,1.131
인도네시아,메모리반도체,메모리,2017,수출,0.64
인도네시아,디지털 집적회로반도체,시스템반도체,2017,수출,0.523
인도네시아,기타 집적회로반도체,시스템반도체,2017,수출,0.096
인도네시아,"다이오드, 트랜지스터 및 유사 반도체소자",개별소자,2017,수출,0.164
태국,메모리반도체,메모리,2017,수출,1.133
태국,디지털 집적회로반도체,시스템반도체,2017,수출,3.387
태국,기타 집적회로반도체,시스템반도체,2017,수출,0.515
태국,"다이오드, 트랜지스터 및 유사 반도체소자",개별소자,2017,수출,1.236
인도,메모리반도체,메모리,2017,수출,1.719
인도,디지털 집적회로반도체,시스템반도체,2017,수출,1.902
인도,기타 집적회로반도체,시스템반도체,2017,수출,0.252
인도,"다이오드, 트랜지스터 및 유사 반도체소자",개별소자,2017,수출,0.213
베트남,메모리반도체,메모리,2017,수출,10.303
베트남,디지털 집적회로반도체,시스템반도체,2017,수출,35.178
베트남,기타 집적회로반도체,시스템반도체,2017,수출,6.21
베트남,"다이오드, 트랜지스터 및 유사 반도체소자",개별소자,2017,수출,5.828
중국,메모리반도체,메모리,2017,수출,226.024
중국,디지털 집적회로반도체,시스템반도체,2017,수출,60.915
중국,기타 집적회로반도체,시스템반도체,2017,수출,7.732
중국,"다이오드, 트랜지스터 및 유사 반도체소자",개별소자,2017,수출,26.698
사우디아라비아,메모리반도체,메모리,2017,수출,0.002
사우디아라비아,디지털 집적회로반도체,시스템반도체,2017,수출,0.001
사우디아라비아,기타 집적회로반도체,시스템반도체,2017,수출,0.0
사우디아라비아,"다이오드, 트랜지스터 및 유사 반도체소자",개별소자,2017,수출,0.004
아랍에미리트,메모리반도체,메모리,2017,수출,0.001
아랍에미리트,디지털 집적회로반도체,시스템반도체,2017,수출,0.017
아랍에미리트,기타 집적회로반도체,시스템반도체,2017,수출,0.0
아랍에미리트,"다이오드, 트랜지스터 및 유사 반도체소자",개별소자,2017,수출,0.061
프랑스,메모리반도체,메모리,2017,수출,0.011
프랑스,디지털 집적회로반도체,시스템반도체,2017,수출,0.541
프랑스,기타 집적회로반도체,시스템반도체,2017,수출,0.002
프랑스,"다이오드, 트랜지스터 및 유사 반도체소자",개별소자,2017,수출,0.474
이탈리아,메모리반도체,메모리,2017,수출,0.0
이탈리아,디지털 집적회로반도체,시스템반도체,2017,수출,0.075
이탈리아,기타 집적회로반도체,시스템반도체,2017,수출,0.022
이탈리아,"다이오드, 트랜지스터 및 유사 반도체소자",개별소자,2017,수출,0.124
독일,메모리반도체,메모리,2017,수출,6.806
독일,디지털 집적회로반도체,시스템반도체,2017,수출,1.429
독일,기타 집적회로반도체,시스템반도체,2017,수출,0.063
독일,"다이오드, 트랜지스터 및 유사 반도체소자",개별소자,2017,수출,1.465
네덜란드,메모리반도체,메모리,2017,수출,0.366
네덜란드,디지털 집적회로반도체,시스템반도체,2017,수출,0.707
네덜란드,기타 집적회로반도체,시스템반도체,2017,수출,0.006
네덜란드,"다이오드, 트랜지스터 및 유사 반도체소자",개별소자,2017,수출,1.854
영국,메모리반도체,메모리,2017,수출,0.138
영국,디지털 집적회로반도체,시스템반도체,2017,수출,0.035
영국,기타 집적회로반도체,시스템반도체,2017,수출,0.013
영국,"다이오드, 트랜지스터 및 유사 반도체소자",개별소자,2017,수출,0.037
벨기에,메모리반도체,메모리,2017,수출,0.001
벨기에,디지털 집적회로반도체,시스템반도체,2017,수출,0.002
벨기에,기타 집적회로반도체,시스템반도체,2017,수출,0.0
벨기에,"다이오드, 트랜지스터 및 유사 반도체소자",개별소자,2017,수출,0.212
스페인,메모리반도체,메모리,2017,수출,0.002
스페인,디지털 집적회로반도체,시스템반도체,2017,수출,0.009
스페인,기타 집적회로반도체,시스템반도체,2017,수출,0.001
스페인,"다이오드, 트랜지스터 및 유사 반도체소자",개별소자,2017,수출,0.009
스위스,메모리반도체,메모리,2017,수출,0.002
스위스,디지털 집적회로반도체,시스템반도체,2017,수출,0.038
스위스,기타 집적회로반도체,시스템반도체,2017,수출,0.007
스위스,"다이오드, 트랜지스터 및 유사 반도체소자",개별소자,2017,수출,0.014
오스트리아,메모리반도체,메모리,2017,수출,0.269
오스트리아,디지털 집적회로반도체,시스템반도체,2017,수출,0.559
오스트리아,기타 집적회로반도체,시스템반도체,2017,수출,1.037
오스트리아,"다이오드, 트랜지스터 및 유사 반도체소자",개별소자,2017,수출,0.031
노르웨이,메모리반도체,메모리,2017,수출,0.0
노르웨이,디지털 집적회로반도체,시스템반도체,2017,수출,0.0
노르웨이,기타 집적회로반도체,시스템반도체,2017,수출,0.001
노르웨이,"다이오드, 트랜지스터 및 유사 반도체소자",개별소자,2017,수출,0.0
스웨덴,메모리반도체,메모리,2017,수출,0.01
스웨덴,디지털 집적회로반도체,시스템반도체,2017,수출,0.008
스웨덴,기타 집적회로반도체,시스템반도체,2017,수출,0.0
스웨덴,"다이오드, 트랜지스터 및 유사 반도체소자",개별소자,2017,수출,0.007
핀란드,메모리반도체,메모리,2017,수출,0.004
핀란드,디지털 집적회로반도체,시스템반도체,2017,수출,0.004
핀란드,기타 집적회로반도체,시스템반도체,2017,수출,0.012
핀란드,"다이오드, 트랜지스터 및 유사 반도체소자",개별소자,2017,수출,0.002
폴란드,메모리반도체,메모리,2017,수출,0.451
폴란드,디지털 집적회로반도체,시스템반도체,2017,수출,0.379
폴란드,기타 집적회로반도체,시스템반도체,2017,수출,0.003
폴란드,"다이오드, 트랜지스터 및 유사 반도체소자",개별소자,2017,수출,0.142
체코,메모리반도체,메모리,2017,수출,0.143
체코,디지털 집적회로반도체,시스템반도체,2017,수출,0.001
체코,기타 집적회로반도체,시스템반도체,2017,수출,0.001
체코,"다이오드, 트랜지스터 및 유사 반도체소자",개별소자,2017,수출,0.002
루마니아,메모리반도체,메모리,2017,수출,0.0
루마니아,디지털 집적회로반도체,시스템반도체,2017,수출,0.016
루마니아,기타 집적회로반도체,시스템반도체,2017,수출,0.0
루마니아,"다이오드, 트랜지스터 및 유사 반도체소자",개별소자,2017,수출,0.017
불가리아,메모리반도체,메모리,2017,수출,0.0
불가리아,디지털 집적회로반도체,시스템반도체,2017,수출,0.0
불가리아,기타 집적회로반도체,시스템반도체,2017,수출,0.0
불가리아,"다이오드, 트랜지스터 및 유사 반도체소자",개별소자,2017,수출,0.01
러시아,메모리반도체,메모리,2017,수출,0.089
러시아,디지털 집적회로반도체,시스템반도체,2017,수출,0.174
러시아,기타 집적회로반도체,시스템반도체,2017,수출,0.119
러시아,"다이오드, 트랜지스터 및 유사 반도체소자",개별소자,2017,수출,0.06
카나다,메모리반도체,메모리,2017,수출,0.014
카나다,디지털 집적회로반도체,시스템반도체,2017,수출,0.01
카나다,기타 집적회로반도체,시스템반도체,2017,수출,0.008
카나다,"다이오드, 트랜지스터 및 유사 반도체소자",개별소자,2017,수출,0.395
미국,메모리반도체,메모리,2017,수출,26.69
미국,디지털 집적회로반도체,시스템반도체,2017,수출,2.127
미국,기타 집적회로반도체,시스템반도체,2017,수출,1.739
미국,"다이오드, 트랜지스터 및 유사 반도체소자",개별소자,2017,수출,12.911
멕시코,메모리반도체,메모리,2017,수출,1.532
멕시코,디지털 집적회로반도체,시스템반도체,2017,수출,0.472
멕시코,기타 집적회로반도체,시스템반도체,2017,수출,0.072
멕시코,"다이오드, 트랜지스터 및 유사 반도체소자",개별소자,2017,수출,0.454
아르헨티나,메모리반도체,메모리,2017,수출,0.011
아르헨티나,디지털 집적회로반도체,시스템반도체,2017,수출,0.033
아르헨티나,기타 집적회로반도체,시스템반도체,2017,수출,0.0
아르헨티나,"다이오드, 트랜지스터 및 유사 반도체소자",개별소자,2017,수출,0.008
칠레,메모리반도체,메모리,2017,수출,0.0
칠레,디지털 집적회로반도체,시스템반도체,2017,수출,0.024
칠레,기타 집적회로반도체,시스템반도체,2017,수출,0.0
칠레,"다이오드, 트랜지스터 및 유사 반도체소자",개별소자,2017,수출,0.056
브라질,메모리반도체,메모리,2017,수출,5.608
브라질,디지털 집적회로반도체,시스템반도체,2017,수출,3.357
브라질,기타 집적회로반도체,시스템반도체,2017,수출,0.282
브라질,"다이오드, 트랜지스터 및 유사 반도체소자",개별소자,2017,수출,0.236
남아프리카,메모리반도체,메모리,2017,수출,0.004
남아프리카,디지털 집적회로반도체,시스템반도체,2017,수출,0.007
남아프리카,기타 집적회로반도체,시스템반도체,2017,수출,0.003
남아프리카,"다이오드, 트랜지스터 및 유사 반도체소자",개별소자,2017,수출,0.004
일본,메모리반도체,메모리,2017,수입,1.348
일본,디지털 집적회로반도체,시스템반도체,2017,수입,20.969
일본,기타 집적회로반도체,시스템반도체,2017,수입,1.221
일본,"다이오드, 트랜지스터 및 유사 반도체소자",개별소자,2017,수입,17.989
대만,메모리반도체,메모리,2017,수입,5.653
대만,디지털 집적회로반도체,시스템반도체,2017,수입,84.601
대만,기타 집적회로반도체,시스템반도체,2017,수입,5.142
대만,"다이오드, 트랜지스터 및 유사 반도체소자",개별소자,2017,수입,6.878
필리핀,메모리반도체,메모리,2017,수입,1.627
필리핀,디지털 집적회로반도체,시스템반도체,2017,수입,7.225
필리핀,기타 집적회로반도체,시스템반도체,2017,수입,0.588
필리핀,"다이오드, 트랜지스터 및 유사 반도체소자",개별소자,2017,수입,0.524
홍콩,메모리반도체,메모리,2017,수입,1.959
홍콩,디지털 집적회로반도체,시스템반도체,2017,수입,3.279
홍콩,기타 집적회로반도체,시스템반도체,2017,수입,0.065
홍콩,"다이오드, 트랜지스터 및 유사 반도체소자",개별소자,2017,수입,0.383
말레이시아,메모리반도체,메모리,2017,수입,0.2
말레이시아,디지털 집적회로반도체,시스템반도체,2017,수입,11.686
말레이시아,기타 집적회로반도체,시스템반도체,2017,수입,0.783
말레이시아,"다이오드, 트랜지스터 및 유사 반도체소자",개별소자,2017,수입,3.042
싱가포르,메모리반도체,메모리,2017,수입,2.693
싱가포르,디지털 집적회로반도체,시스템반도체,2017,수입,10.433
싱가포르,기타 집적회로반도체,시스템반도체,2017,수입,3.577
싱가포르,"다이오드, 트랜지스터 및 유사 반도체소자",개별소자,2017,수입,2.824
인도네시아,메모리반도체,메모리,2017,수입,0.016
인도네시아,디지털 집적회로반도체,시스템반도체,2017,수입,0.353
인도네시아,기타 집적회로반도체,시스템반도체,2017,수입,0.104
인도네시아,"다이오드, 트랜지스터 및 유사 반도체소자",개별소자,2017,수입,0.049
태국,메모리반도체,메모리,2017,수입,0.556
태국,디지털 집적회로반도체,시스템반도체,2017,수입,3.182
태국,기타 집적회로반도체,시스템반도체,2017,수입,0.18
태국,"다이오드, 트랜지스터 및 유사 반도체소자",개별소자,2017,수입,1.016
인도,메모리반도체,메모리,2017,수입,0.0
인도,디지털 집적회로반도체,시스템반도체,2017,수입,0.075
인도,기타 집적회로반도체,시스템반도체,2017,수입,0.002
인도,"다이오드, 트랜지스터 및 유사 반도체소자",개별소자,2017,수입,0.012
베트남,메모리반도체,메모리,2017,수입,0.542
베트남,디지털 집적회로반도체,시스템반도체,2017,수입,0.753
베트남,기타 집적회로반도체,시스템반도체,2017,수입,0.46
베트남,"다이오드, 트랜지스터 및 유사 반도체소자",개별소자,2017,수입,0.853
중국,메모리반도체,메모리,2017,수입,51.305
중국,디지털 집적회로반도체,시스템반도체,2017,수입,17.406
중국,기타 집적회로반도체,시스템반도체,2017,수입,1.97
중국,"다이오드, 트랜지스터 및 유사 반도체소자",개별소자,2017,수입,26.599
사우디아라비아,메모리반도체,메모리,2017,수입,0.0
사우디아라비아,디지털 집적회로반도체,시스템반도체,2017,수입,0.0
사우디아라비아,기타 집적회로반도체,시스템반도체,2017,수입,0.0
사우디아라비아,"다이오드, 트랜지스터 및 유사 반도체소자",개별소자,2017,수입,0.0
아랍에미리트,메모리반도체,메모리,2017,수입,0.001
아랍에미리트,디지털 집적회로반도체,시스템반도체,2017,수입,0.001
아랍에미리트,기타 집적회로반도체,시스템반도체,2017,수입,0.0
아랍에미리트,"다이오드, 트랜지스터 및 유사 반도체소자",개별소자,2017,수입,0.001
프랑스,메모리반도체,메모리,2017,수입,0.266
프랑스,디지털 집적회로반도체,시스템반도체,2017,수입,1.822
프랑스,기타 집적회로반도체,시스템반도체,2017,수입,0.002
프랑스,"다이오드, 트랜지스터 및 유사 반도체소자",개별소자,2017,수입,0.163
이탈리아,메모리반도체,메모리,2017,수입,0.0
이탈리아,디지털 집적회로반도체,시스템반도체,2017,수입,0.144
이탈리아,기타 집적회로반도체,시스템반도체,2017,수입,0.001
이탈리아,"다이오드, 트랜지스터 및 유사 반도체소자",개별소자,2017,수입,0.184
독일,메모리반도체,메모리,2017,수입,0.043
독일,디지털 집적회로반도체,시스템반도체,2017,수입,3.897
독일,기타 집적회로반도체,시스템반도체,2017,수입,0.183
독일,"다이오드, 트랜지스터 및 유사 반도체소자",개별소자,2017,수입,0.946
네덜란드,메모리반도체,메모리,2017,수입,0.009
네덜란드,디지털 집적회로반도체,시스템반도체,2017,수입,0.036
네덜란드,기타 집적회로반도체,시스템반도체,2017,수입,0.184
네덜란드,"다이오드, 트랜지스터 및 유사 반도체소자",개별소자,2017,수입,0.026
영국,메모리반도체,메모리,2017,수입,0.004
영국,디지털 집적회로반도체,시스템반도체,2017,수입,0.055
영국,기타 집적회로반도체,시스템반도체,2017,수입,0.007
영국,"다이오드, 트랜지스터 및 유사 반도체소자",개별소자,2017,수입,0.051
벨기에,메모리반도체,메모리,2017,수입,0.0
벨기에,디지털 집적회로반도체,시스템반도체,2017,수입,0.049
벨기에,기타 집적회로반도체,시스템반도체,2017,수입,0.0
벨기에,"다이오드, 트랜지스터 및 유사 반도체소자",개별소자,2017,수입,0.027
스페인,메모리반도체,메모리,2017,수입,0.002
스페인,디지털 집적회로반도체,시스템반도체,2017,수입,0.002
스페인,기타 집적회로반도체,시스템반도체,2017,수입,0.0
스페인,"다이오드, 트랜지스터 및 유사 반도체소자",개별소자,2017,수입,0.004
스위스,메모리반도체,메모리,2017,수입,0.001
스위스,디지털 집적회로반도체,시스템반도체,2017,수입,0.201
스위스,기타 집적회로반도체,시스템반도체,2017,수입,0.002
스위스,"다이오드, 트랜지스터 및 유사 반도체소자",개별소자,2017,수입,0.054
오스트리아,메모리반도체,메모리,2017,수입,0.001
오스트리아,디지털 집적회로반도체,시스템반도체,2017,수입,0.142
오스트리아,기타 집적회로반도체,시스템반도체,2017,수입,0.038
오스트리아,"다이오드, 트랜지스터 및 유사 반도체소자",개별소자,2017,수입,0.196
노르웨이,메모리반도체,메모리,2017,수입,0.0
노르웨이,디지털 집적회로반도체,시스템반도체,2017,수입,0.002
노르웨이,기타 집적회로반도체,시스템반도체,2017,수입,0.0
노르웨이,"다이오드, 트랜지스터 및 유사 반도체소자",개별소자,2017,수입,0.0
스웨덴,메모리반도체,메모리,2017,수입,0.003
스웨덴,디지털 집적회로반도체,시스템반도체,2017,수입,0.006
스웨덴,기타 집적회로반도체,시스템반도체,2017,수입,0.002
스웨덴,"다이오드, 트랜지스터 및 유사 반도체소자",개별소자,2017,수입,0.008
핀란드,메모리반도체,메모리,2017,수입,0.0
핀란드,디지털 집적회로반도체,시스템반도체,2017,수입,0.001
핀란드,기타 집적회로반도체,시스템반도체,2017,수입,0.0
핀란드,"다이오드, 트랜지스터 및 유사 반도체소자",개별소자,2017,수입,0.003
폴란드,메모리반도체,메모리,2017,수입,0.001
폴란드,디지털 집적회로반도체,시스템반도체,2017,수입,0.001
폴란드,기타 집적회로반도체,시스템반도체,2017,수입,0.0
폴란드,"다이오드, 트랜지스터 및 유사 반도체소자",개별소자,2017,수입,0.004
체코,메모리반도체,메모리,2017,수입,0.007
체코,디지털 집적회로반도체,시스템반도체,2017,수입,0.01
체코,기타 집적회로반도체,시스템반도체,2017,수입,0.0
체코,"다이오드, 트랜지스터 및 유사 반도체소자",개별소자,2017,수입,0.021
루마니아,메모리반도체,메모리,2017,수입,0.0
루마니아,디지털 집적회로반도체,시스템반도체,2017,수입,0.001
루마니아,기타 집적회로반도체,시스템반도체,2017,수입,0.0
루마니아,"다이오드, 트랜지스터 및 유사 반도체소자",개별소자,2017,수입,0.0
불가리아,메모리반도체,메모리,2017,수입,0.0
불가리아,디지털 집적회로반도체,시스템반도체,2017,수입,0.005
불가리아,기타 집적회로반도체,시스템반도체,2017,수입,0.0
불가리아,"다이오드, 트랜지스터 및 유사 반도체소자",개별소자,2017,수입,0.001
러시아,메모리반도체,메모리,2017,수입,0.004
러시아,디지털 집적회로반도체,시스템반도체,2017,수입,0.02
러시아,기타 집적회로반도체,시스템반도체,2017,수입,0.0
러시아,"다이오드, 트랜지스터 및 유사 반도체소자",개별소자,2017,수입,0.006
카나다,메모리반도체,메모리,2017,수입,0.001
카나다,디지털 집적회로반도체,시스템반도체,2017,수입,0.251
카나다,기타 집적회로반도체,시스템반도체,2017,수입,0.0
카나다,"다이오드, 트랜지스터 및 유사 반도체소자",개별소자,2017,수입,0.072
미국,메모리반도체,메모리,2017,수입,1.395
미국,디지털 집적회로반도체,시스템반도체,2017,수입,35.305
미국,기타 집적회로반도체,시스템반도체,2017,수입,0.24
미국,"다이오드, 트랜지스터 및 유사 반도체소자",개별소자,2017,수입,2.308
멕시코,메모리반도체,메모리,2017,수입,0.009
멕시코,디지털 집적회로반도체,시스템반도체,2017,수입,0.228
멕시코,기타 집적회로반도체,시스템반도체,2017,수입,0.502
멕시코,"다이오드, 트랜지스터 및 유사 반도체소자",개별소자,2017,수입,0.263
아르헨티나,메모리반도체,메모리,2017,수입,0.0
아르헨티나,디지털 집적회로반도체,시스템반도체,2017,수입,0.0
아르헨티나,기타 집적회로반도체,시스템반도체,2017,수입,0.0
아르헨티나,"다이오드, 트랜지스터 및 유사 반도체소자",개별소자,2017,수입,0.0
칠레,메모리반도체,메모리,2017,수입,0.0
칠레,디지털 집적회로반도체,시스템반도체,2017,수입,0.0
칠레,기타 집적회로반도체,시스템반도체,2017,수입,0.0
칠레,"다이오드, 트랜지스터 및 유사 반도체소자",개별소자,2017,수입,0.0
브라질,메모리반도체,메모리,2017,수입,0.007
브라질,디지털 집적회로반도체,시스템반도체,2017,수입,0.02
브라질,기타 집적회로반도체,시스템반도체,2017,수입,0.004
브라질,"다이오드, 트랜지스터 및 유사 반도체소자",개별소자,2017,수입,0.001
남아프리카,메모리반도체,메모리,2017,수입,0.0
남아프리카,디지털 집적회로반도체,시스템반도체,2017,수입,0.0
남아프리카,기타 집적회로반도체,시스템반도체,2017,수입,0.0
남아프리카,"다이오드, 트랜지스터 및 유사 반도체소자",개별소자,2017,수입,0.0
일본,메모리반도체,메모리,2018,수출,4.345
일본,디지털 집적회로반도체,시스템반도체,2018,수출,2.946
일본,기타 집적회로반도체,시스템반도체,2018,수출,0.111
일본,"다이오드, 트랜지스터 및 유사 반도체소자",개별소자,2018,수출,5.336
대만,메모리반도체,메모리,2018,수출,19.553
대만,디지털 집적회로반도체,시스템반도체,2018,수출,23.685
대만,기타 집적회로반도체,시스템반도체,2018,수출,0.607
대만,"다이오드, 트랜지스터 및 유사 반도체소자",개별소자,2018,수출,2.92
필리핀,메모리반도체,메모리,2018,수출,44.613
필리핀,디지털 집적회로반도체,시스템반도체,2018,수출,8.435
필리핀,기타 집적회로반도체,시스템반도체,2018,수출,0.356
필리핀,"다이오드, 트랜지스터 및 유사 반도체소자",개별소자,2018,수출,1.097
홍콩,메모리반도체,메모리,2018,수출,179.346
홍콩,디지털 집적회로반도체,시스템반도체,2018,수출,39.699
홍콩,기타 집적회로반도체,시스템반도체,2018,수출,0.628
홍콩,"다이오드, 트랜지스터 및 유사 반도체소자",개별소자,2018,수출,3.886
말레이시아,메모리반도체,메모리,2018,수출,1.694
말레이시아,디지털 집적회로반도체,시스템반도체,2018,수출,4.842
말레이시아,기타 집적회로반도체,시스템반도체,2018,수출,4.292
말레이시아,"다이오드, 트랜지스터 및 유사 반도체소자",개별소자,2018,수출,0.77
싱가포르,메모리반도체,메모리,2018,수출,4.025
싱가포르,디지털 집적회로반도체,시스템반도체,2018,수출,20.097
싱가포르,기타 집적회로반도체,시스템반도체,2018,수출,2.421
싱가포르,"다이오드, 트랜지스터 및 유사 반도체소자",개별소자,2018,수출,1.573
인도네시아,메모리반도체,메모리,2018,수출,0.943
인도네시아,디지털 집적회로반도체,시스템반도체,2018,수출,0.873
인도네시아,기타 집적회로반도체,시스템반도체,2018,수출,0.167
인도네시아,"다이오드, 트랜지스터 및 유사 반도체소자",개별소자,2018,수출,0.138
태국,메모리반도체,메모리,2018,수출,1.272
태국,디지털 집적회로반도체,시스템반도체,2018,수출,2.565
태국,기타 집적회로반도체,시스템반도체,2018,수출,0.55
태국,"다이오드, 트랜지스터 및 유사 반도체소자",개별소자,2018,수출,1.11
인도,메모리반도체,메모리,2018,수출,4.709
인도,디지털 집적회로반도체,시스템반도체,2018,수출,2.478
인도,기타 집적회로반도체,시스템반도체,2018,수출,0.309
인도,"다이오드, 트랜지스터 및 유사 반도체소자",개별소자,2018,수출,0.367
베트남,메모리반도체,메모리,2018,수출,12.779
베트남,디지털 집적회로반도체,시스템반도체,2018,수출,35.262
베트남,기타 집적회로반도체,시스템반도체,2018,수출,14.998
베트남,"다이오드, 트랜지스터 및 유사 반도체소자",개별소자,2018,수출,9.122
중국,메모리반도체,메모리,2018,수출,364.233
중국,디지털 집적회로반도체,시스템반도체,2018,수출,59.771
중국,기타 집적회로반도체,시스템반도체,2018,수출,2.08
중국,"다이오드, 트랜지스터 및 유사 반도체소자",개별소자,2018,수출,28.943
사우디아라비아,메모리반도체,메모리,2018,수출,0.0
사우디아라비아,디지털 집적회로반도체,시스템반도체,2018,수출,0.001
사우디아라비아,기타 집적회로반도체,시스템반도체,2018,수출,0.0
사우디아라비아,"다이오드, 트랜지스터 및 유사 반도체소자",개별소자,2018,수출,0.001
아랍에미리트,메모리반도체,메모리,2018,수출,0.002
아랍에미리트,디지털 집적회로반도체,시스템반도체,2018,수출,0.019
아랍에미리트,기타 집적회로반도체,시스템반도체,2018,수출,0.0
아랍에미리트,"다이오드, 트랜지스터 및 유사 반도체소자",개별소자,2018,수출,0.057
프랑스,메모리반도체,메모리,2018,수출,0.069
프랑스,디지털 집적회로반도체,시스템반도체,2018,수출,0.953
프랑스,기타 집적회로반도체,시스템반도체,2018,수출,0.001
프랑스,"다이오드, 트랜지스터 및 유사 반도체소자",개별소자,2018,수출,0.541
이탈리아,메모리반도체,메모리,2018,수출,0.0
이탈리아,디지털 집적회로반도체,시스템반도체,2018,수출,0.171
이탈리아,기타 집적회로반도체,시스템반도체,2018,수출,0.025
이탈리아,"다이오드, 트랜지스터 및 유사 반도체소자",개별소자,2018,수출,0.131
독일,메모리반도체,메모리,2018,수출,9.72
독일,디지털 집적회로반도체,시스템반도체,2018,수출,1.456
독일,기타 집적회로반도체,시스템반도체,2018,수출,0.054
독일,"다이오드, 트랜지스터 및 유사 반도체소자",개별소자,2018,수출,2.497
네덜란드,메모리반도체,메모리,2018,수출,0.373
네덜란드,디지털 집적회로반도체,시스템반도체,2018,수출,0.754
네덜란드,기타 집적회로반도체,시스템반도체,2018,수출,0.006
네덜란드,"다이오드, 트랜지스터 및 유사 반도체소자",개별소자,2018,수출,3.618
영국,메모리반도체,메모리,2018,수출,0.109
영국,디지털 집적회로반도체,시스템반도체,2018,수출,0.033
영국,기타 집적회로반도체,시스템반도체,2018,수출,0.018
영국,"다이오드, 트랜지스터 및 유사 반도체소자",개별소자,2018,수출,0.034
벨기에,메모리반도체,메모리,2018,수출,0.0
벨기에,디지털 집적회로반도체,시스템반도체,2018,수출,0.002
벨기에,기타 집적회로반도체,시스템반도체,2018,수출,0.0
벨기에,"다이오드, 트랜지스터 및 유사 반도체소자",개별소자,2018,수출,0.112
스페인,메모리반도체,메모리,2018,수출,0.001
스페인,디지털 집적회로반도체,시스템반도체,2018,수출,0.018
스페인,기타 집적회로반도체,시스템반도체,2018,수출,0.003
스페인,"다이오드, 트랜지스터 및 유사 반도체소자",개별소자,2018,수출,0.163
스위스,메모리반도체,메모리,2018,수출,0.0
스위스,디지털 집적회로반도체,시스템반도체,2018,수출,0.126
스위스,기타 집적회로반도체,시스템반도체,2018,수출,0.002
스위스,"다이오드, 트랜지스터 및 유사 반도체소자",개별소자,2018,수출,0.008
오스트리아,메모리반도체,메모리,2018,수출,0.363
오스트리아,디지털 집적회로반도체,시스템반도체,2018,수출,0.291
오스트리아,기타 집적회로반도체,시스템반도체,2018,수출,0.782
오스트리아,"다이오드, 트랜지스터 및 유사 반도체소자",개별소자,2018,수출,0.021
노르웨이,메모리반도체,메모리,2018,수출,0.0
노르웨이,디지털 집적회로반도체,시스템반도체,2018,수출,0.0
노르웨이,기타 집적회로반도체,시스템반도체,2018,수출,0.0
노르웨이,"다이오드, 트랜지스터 및 유사 반도체소자",개별소자,2018,수출,0.002
스웨덴,메모리반도체,메모리,2018,수출,0.017
스웨덴,디지털 집적회로반도체,시스템반도체,2018,수출,0.015
스웨덴,기타 집적회로반도체,시스템반도체,2018,수출,0.001
스웨덴,"다이오드, 트랜지스터 및 유사 반도체소자",개별소자,2018,수출,0.005
핀란드,메모리반도체,메모리,2018,수출,0.035
핀란드,디지털 집적회로반도체,시스템반도체,2018,수출,0.004
핀란드,기타 집적회로반도체,시스템반도체,2018,수출,0.017
핀란드,"다이오드, 트랜지스터 및 유사 반도체소자",개별소자,2018,수출,0.004
폴란드,메모리반도체,메모리,2018,수출,0.77
폴란드,디지털 집적회로반도체,시스템반도체,2018,수출,0.538
폴란드,기타 집적회로반도체,시스템반도체,2018,수출,0.037
폴란드,"다이오드, 트랜지스터 및 유사 반도체소자",개별소자,2018,수출,0.187
체코,메모리반도체,메모리,2018,수출,0.275
체코,디지털 집적회로반도체,시스템반도체,2018,수출,0.0
체코,기타 집적회로반도체,시스템반도체,2018,수출,0.001
체코,"다이오드, 트랜지스터 및 유사 반도체소자",개별소자,2018,수출,0.008
루마니아,메모리반도체,메모리,2018,수출,0.001
루마니아,디지털 집적회로반도체,시스템반도체,2018,수출,0.024
루마니아,기타 집적회로반도체,시스템반도체,2018,수출,0.0
루마니아,"다이오드, 트랜지스터 및 유사 반도체소자",개별소자,2018,수출,0.011
불가리아,메모리반도체,메모리,2018,수출,0.0
불가리아,디지털 집적회로반도체,시스템반도체,2018,수출,0.0
불가리아,기타 집적회로반도체,시스템반도체,2018,수출,0.0
불가리아,"다이오드, 트랜지스터 및 유사 반도체소자",개별소자,2018,수출,0.013
러시아,메모리반도체,메모리,2018,수출,0.121
러시아,디지털 집적회로반도체,시스템반도체,2018,수출,0.24
러시아,기타 집적회로반도체,시스템반도체,2018,수출,0.125
러시아,"다이오드, 트랜지스터 및 유사 반도체소자",개별소자,2018,수출,0.052
카나다,메모리반도체,메모리,2018,수출,0.006
카나다,디지털 집적회로반도체,시스템반도체,2018,수출,0.012
카나다,기타 집적회로반도체,시스템반도체,2018,수출,0.007
카나다,"다이오드, 트랜지스터 및 유사 반도체소자",개별소자,2018,수출,0.388
미국,메모리반도체,메모리,2018,수출,48.793
미국,디지털 집적회로반도체,시스템반도체,2018,수출,8.439
미국,기타 집적회로반도체,시스템반도체,2018,수출,2.456
미국,"다이오드, 트랜지스터 및 유사 반도체소자",개별소자,2018,수출,8.155
멕시코,메모리반도체,메모리,2018,수출,2.78
멕시코,디지털 집적회로반도체,시스템반도체,2018,수출,1.351
멕시코,기타 집적회로반도체,시스템반도체,2018,수출,0.046
멕시코,"다이오드, 트랜지스터 및 유사 반도체소자",개별소자,2018,수출,0.334
아르헨티나,메모리반도체,메모리,2018,수출,0.013
아르헨티나,디지털 집적회로반도체,시스템반도체,2018,수출,0.028
아르헨티나,기타 집적회로반도체,시스템반도체,2018,수출,0.0
아르헨티나,"다이오드, 트랜지스터 및 유사 반도체소자",개별소자,2018,수출,0.004
칠레,메모리반도체,메모리,2018,수출,0.0
칠레,디지털 집적회로반도체,시스템반도체,2018,수출,0.012
칠레,기타 집적회로반도체,시스템반도체,2018,수출,0.0
칠레,"다이오드, 트랜지스터 및 유사 반도체소자",개별소자,2018,수출,0.0
브라질,메모리반도체,메모리,2018,수출,5.623
브라질,디지털 집적회로반도체,시스템반도체,2018,수출,3.187
브라질,기타 집적회로반도체,시스템반도체,2018,수출,0.182
브라질,"다이오드, 트랜지스터 및 유사 반도체소자",개별소자,2018,수출,0.156
남아프리카,메모리반도체,메모리,2018,수출,0.013
남아프리카,디지털 집적회로반도체,시스템반도체,2018,수출,0.004
남아프리카,기타 집적회로반도체,시스템반도체,2018,수출,0.011
남아프리카,"다이오드, 트랜지스터 및 유사 반도체소자",개별소자,2018,수출,0.003
일본,메모리반도체,메모리,2018,수입,0.648
일본,디지털 집적회로반도체,시스템반도체,2018,수입,17.441
일본,기타 집적회로반도체,시스템반도체,2018,수입,0.535
일본,"다이오드, 트랜지스터 및 유사 반도체소자",개별소자,2018,수입,21.126
대만,메모리반도체,메모리,2018,수입,3.786
대만,디지털 집적회로반도체,시스템반도체,2018,수입,82.3
대만,기타 집적회로반도체,시스템반도체,2018,수입,3.259
대만,"다이오드, 트랜지스터 및 유사 반도체소자",개별소자,2018,수입,8.223
필리핀,메모리반도체,메모리,2018,수입,5.625
필리핀,디지털 집적회로반도체,시스템반도체,2018,수입,5.068
필리핀,기타 집적회로반도체,시스템반도체,2018,수입,0.504
필리핀,"다이오드, 트랜지스터 및 유사 반도체소자",개별소자,2018,수입,0.513
홍콩,메모리반도체,메모리,2018,수입,4.0
홍콩,디지털 집적회로반도체,시스템반도체,2018,수입,2.978
홍콩,기타 집적회로반도체,시스템반도체,2018,수입,0.048
홍콩,"다이오드, 트랜지스터 및 유사 반도체소자",개별소자,2018,수입,0.631
말레이시아,메모리반도체,메모리,2018,수입,0.147
말레이시아,디지털 집적회로반도체,시스템반도체,2018,수입,12.405
말레이시아,기타 집적회로반도체,시스템반도체,2018,수입,1.896
말레이시아,"다이오드, 트랜지스터 및 유사 반도체소자",개별소자,2018,수입,2.988
싱가포르,메모리반도체,메모리,2018,수입,2.369
싱가포르,디지털 집적회로반도체,시스템반도체,2018,수입,11.345
싱가포르,기타 집적회로반도체,시스템반도체,2018,수입,3.861
싱가포르,"다이오드, 트랜지스터 및 유사 반도체소자",개별소자,2018,수입,3.463
인도네시아,메모리반도체,메모리,2018,수입,0.001
인도네시아,디지털 집적회로반도체,시스템반도체,2018,수입,0.402
인도네시아,기타 집적회로반도체,시스템반도체,2018,수입,0.075
인도네시아,"다이오드, 트랜지스터 및 유사 반도체소자",개별소자,2018,수입,0.044
태국,메모리반도체,메모리,2018,수입,0.509
태국,디지털 집적회로반도체,시스템반도체,2018,수입,3.085
태국,기타 집적회로반도체,시스템반도체,2018,수입,0.171
태국,"다이오드, 트랜지스터 및 유사 반도체소자",개별소자,2018,수입,0.962
인도,메모리반도체,메모리,2018,수입,0.025
인도,디지털 집적회로반도체,시스템반도체,2018,수입,0.084
인도,기타 집적회로반도체,시스템반도체,2018,수입,0.0
인도,"다이오드, 트랜지스터 및 유사 반도체소자",개별소자,2018,수입,0.017
베트남,메모리반도체,메모리,2018,수입,0.062
베트남,디지털 집적회로반도체,시스템반도체,2018,수입,0.766
베트남,기타 집적회로반도체,시스템반도체,2018,수입,0.975
베트남,"다이오드, 트랜지스터 및 유사 반도체소자",개별소자,2018,수입,1.32
중국,메모리반도체,메모리,2018,수입,85.185
중국,디지털 집적회로반도체,시스템반도체,2018,수입,18.076
중국,기타 집적회로반도체,시스템반도체,2018,수입,1.556
중국,"다이오드, 트랜지스터 및 유사 반도체소자",개별소자,2018,수입,26.461
사우디아라비아,메모리반도체,메모리,2018,수입,0.0
사우디아라비아,디지털 집적회로반도체,시스템반도체,2018,수입,0.0
사우디아라비아,기타 집적회로반도체,시스템반도체,2018,수입,0.0
사우디아라비아,"다이오드, 트랜지스터 및 유사 반도체소자",개별소자,2018,수입,0.0
아랍에미리트,메모리반도체,메모리,2018,수입,0.0
아랍에미리트,디지털 집적회로반도체,시스템반도체,2018,수입,0.002
아랍에미리트,기타 집적회로반도체,시스템반도체,2018,수입,0.0
아랍에미리트,"다이오드, 트랜지스터 및 유사 반도체소자",개별소자,2018,수입,0.0
프랑스,메모리반도체,메모리,2018,수입,0.103
프랑스,디지털 집적회로반도체,시스템반도체,2018,수입,2.101
프랑스,기타 집적회로반도체,시스템반도체,2018,수입,0.003
프랑스,"다이오드, 트랜지스터 및 유사 반도체소자",개별소자,2018,수입,0.302
이탈리아,메모리반도체,메모리,2018,수입,0.0
이탈리아,디지털 집적회로반도체,시스템반도체,2018,수입,0.105
이탈리아,기타 집적회로반도체,시스템반도체,2018,수입,0.003
이탈리아,"다이오드, 트랜지스터 및 유사 반도체소자",개별소자,2018,수입,0.214
독일,메모리반도체,메모리,2018,수입,0.048
독일,디지털 집적회로반도체,시스템반도체,2018,수입,3.991
독일,기타 집적회로반도체,시스템반도체,2018,수입,0.189
독일,"다이오드, 트랜지스터 및 유사 반도체소자",개별소자,2018,수입,1.7
네덜란드,메모리반도체,메모리,2018,수입,0.013
네덜란드,디지털 집적회로반도체,시스템반도체,2018,수입,0.044
네덜란드,기타 집적회로반도체,시스템반도체,2018,수입,0.37
네덜란드,"다이오드, 트랜지스터 및 유사 반도체소자",개별소자,2018,수입,0.005
영국,메모리반도체,메모리,2018,수입,0.003
영국,디지털 집적회로반도체,시스템반도체,2018,수입,0.046
영국,기타 집적회로반도체,시스템반도체,2018,수입,0.003
영국,"다이오드, 트랜지스터 및 유사 반도체소자",개별소자,2018,수입,0.205
벨기에,메모리반도체,메모리,2018,수입,0.0
벨기에,디지털 집적회로반도체,시스템반도체,2018,수입,0.062
벨기에,기타 집적회로반도체,시스템반도체,2018,수입,0.001
벨기에,"다이오드, 트랜지스터 및 유사 반도체소자",개별소자,2018,수입,0.049
스페인,메모리반도체,메모리,2018,수입,0.001
스페인,디지털 집적회로반도체,시스템반도체,2018,수입,0.02
스페인,기타 집적회로반도체,시스템반도체,2018,수입,0.001
스페인,"다이오드, 트랜지스터 및 유사 반도체소자",개별소자,2018,수입,0.001
스위스,메모리반도체,메모리,2018,수입,0.0
스위스,디지털 집적회로반도체,시스템반도체,2018,수입,0.179
스위스,기타 집적회로반도체,시스템반도체,2018,수입,0.001
스위스,"다이오드, 트랜지스터 및 유사 반도체소자",개별소자,2018,수입,0.037
오스트리아,메모리반도체,메모리,2018,수입,0.0
오스트리아,디지털 집적회로반도체,시스템반도체,2018,수입,0.101
오스트리아,기타 집적회로반도체,시스템반도체,2018,수입,0.05
오스트리아,"다이오드, 트랜지스터 및 유사 반도체소자",개별소자,2018,수입,0.292
노르웨이,메모리반도체,메모리,2018,수입,0.0
노르웨이,디지털 집적회로반도체,시스템반도체,2018,수입,0.003
노르웨이,기타 집적회로반도체,시스템반도체,2018,수입,0.0
노르웨이,"다이오드, 트랜지스터 및 유사 반도체소자",개별소자,2018,수입,0.001
스웨덴,메모리반도체,메모리,2018,수입,0.002
스웨덴,디지털 집적회로반도체,시스템반도체,2018,수입,0.004
스웨덴,기타 집적회로반도체,시스템반도체,2018,수입,0.004
스웨덴,"다이오드, 트랜지스터 및 유사 반도체소자",개별소자,2018,수입,0.006
핀란드,메모리반도체,메모리,2018,수입,0.0
핀란드,디지털 집적회로반도체,시스템반도체,2018,수입,0.001
핀란드,기타 집적회로반도체,시스템반도체,2018,수입,0.0
핀란드,"다이오드, 트랜지스터 및 유사 반도체소자",개별소자,2018,수입,0.003
폴란드,메모리반도체,메모리,2018,수입,0.001
폴란드,디지털 집적회로반도체,시스템반도체,2018,수입,0.002
폴란드,기타 집적회로반도체,시스템반도체,2018,수입,0.0
폴란드,"다이오드, 트랜지스터 및 유사 반도체소자",개별소자,2018,수입,0.008
체코,메모리반도체,메모리,2018,수입,0.002
체코,디지털 집적회로반도체,시스템반도체,2018,수입,0.002
체코,기타 집적회로반도체,시스템반도체,2018,수입,0.0
체코,"다이오드, 트랜지스터 및 유사 반도체소자",개별소자,2018,수입,0.033
루마니아,메모리반도체,메모리,2018,수입,0.001
루마니아,디지털 집적회로반도체,시스템반도체,2018,수입,0.001
루마니아,기타 집적회로반도체,시스템반도체,2018,수입,0.0
루마니아,"다이오드, 트랜지스터 및 유사 반도체소자",개별소자,2018,수입,0.0
불가리아,메모리반도체,메모리,2018,수입,0.0
불가리아,디지털 집적회로반도체,시스템반도체,2018,수입,0.007
불가리아,기타 집적회로반도체,시스템반도체,2018,수입,0.0
불가리아,"다이오드, 트랜지스터 및 유사 반도체소자",개별소자,2018,수입,0.001
러시아,메모리반도체,메모리,2018,수입,0.0
러시아,디지털 집적회로반도체,시스템반도체,2018,수입,0.025
러시아,기타 집적회로반도체,시스템반도체,2018,수입,0.0
러시아,"다이오드, 트랜지스터 및 유사 반도체소자",개별소자,2018,수입,0.02
카나다,메모리반도체,메모리,2018,수입,0.0
카나다,디지털 집적회로반도체,시스템반도체,2018,수입,0.227
카나다,기타 집적회로반도체,시스템반도체,2018,수입,0.001
카나다,"다이오드, 트랜지스터 및 유사 반도체소자",개별소자,2018,수입,0.033
미국,메모리반도체,메모리,2018,수입,1.523
미국,디지털 집적회로반도체,시스템반도체,2018,수입,32.669
미국,기타 집적회로반도체,시스템반도체,2018,수입,0.357
미국,"다이오드, 트랜지스터 및 유사 반도체소자",개별소자,2018,수입,2.652
멕시코,메모리반도체,메모리,2018,수입,0.019
멕시코,디지털 집적회로반도체,시스템반도체,2018,수입,0.217
멕시코,기타 집적회로반도체,시스템반도체,2018,수입,0.414
멕시코,"다이오드, 트랜지스터 및 유사 반도체소자",개별소자,2018,수입,0.256
아르헨티나,메모리반도체,메모리,2018,수입,0.001
아르헨티나,디지털 집적회로반도체,시스템반도체,2018,수입,0.0
아르헨티나,기타 집적회로반도체,시스템반도체,2018,수입,0.0
아르헨티나,"다이오드, 트랜지스터 및 유사 반도체소자",개별소자,2018,수입,0.0
칠레,메모리반도체,메모리,2018,수입,0.0
칠레,디지털 집적회로반도체,시스템반도체,2018,수입,0.0
칠레,기타 집적회로반도체,시스템반도체,2018,수입,0.0
칠레,"다이오드, 트랜지스터 및 유사 반도체소자",개별소자,2018,수입,0.0
브라질,메모리반도체,메모리,2018,수입,0.003
브라질,디지털 집적회로반도체,시스템반도체,2018,수입,0.005
브라질,기타 집적회로반도체,시스템반도체,2018,수입,0.003
브라질,"다이오드, 트랜지스터 및 유사 반도체소자",개별소자,2018,수입,0.001
남아프리카,메모리반도체,메모리,2018,수입,0.0
남아프리카,디지털 집적회로반도체,시스템반도체,2018,수입,0.0
남아프리카,기타 집적회로반도체,시스템반도체,2018,수입,0.0
남아프리카,"다이오드, 트랜지스터 및 유사 반도체소자",개별소자,2018,수입,0.0
일본,메모리반도체,메모리,2019,수출,2.967
일본,디지털 집적회로반도체,시스템반도체,2019,수출,2.642
일본,기타 집적회로반도체,시스템반도체,2019,수출,0.082
일본,"다이오드, 트랜지스터 및 유사 반도체소자",개별소자,2019,수출,5.046
대만,메모리반도체,메모리,2019,수출,9.724
대만,디지털 집적회로반도체,시스템반도체,2019,수출,17.847
대만,기타 집적회로반도체,시스템반도체,2019,수출,0.538
대만,"다이오드, 트랜지스터 및 유사 반도체소자",개별소자,2019,수출,2.163
필리핀,메모리반도체,메모리,2019,수출,20.781
필리핀,디지털 집적회로반도체,시스템반도체,2019,수출,5.45
필리핀,기타 집적회로반도체,시스템반도체,2019,수출,0.323
필리핀,"다이오드, 트랜지스터 및 유사 반도체소자",개별소자,2019,수출,1.275
홍콩,메모리반도체,메모리,2019,수출,93.997
홍콩,디지털 집적회로반도체,시스템반도체,2019,수출,40.494
홍콩,기타 집적회로반도체,시스템반도체,2019,수출,0.742
홍콩,"다이오드, 트랜지스터 및 유사 반도체소자",개별소자,2019,수출,3.679
말레이시아,메모리반도체,메모리,2019,수출,1.118
말레이시아,디지털 집적회로반도체,시스템반도체,2019,수출,6.435
말레이시아,기타 집적회로반도체,시스템반도체,2019,수출,4.505
말레이시아,"다이오드, 트랜지스터 및 유사 반도체소자",개별소자,2019,수출,0.845
싱가포르,메모리반도체,메모리,2019,수출,2.473
싱가포르,디지털 집적회로반도체,시스템반도체,2019,수출,17.316
싱가포르,기타 집적회로반도체,시스템반도체,2019,수출,1.779
싱가포르,"다이오드, 트랜지스터 및 유사 반도체소자",개별소자,2019,수출,1.403
인도네시아,메모리반도체,메모리,2019,수출,0.887
인도네시아,디지털 집적회로반도체,시스템반도체,2019,수출,1.309
인도네시아,기타 집적회로반도체,시스템반도체,2019,수출,0.027
인도네시아,"다이오드, 트랜지스터 및 유사 반도체소자",개별소자,2019,수출,0.144
태국,메모리반도체,메모리,2019,수출,1.059
태국,디지털 집적회로반도체,시스템반도체,2019,수출,1.902
태국,기타 집적회로반도체,시스템반도체,2019,수출,0.461
태국,"다이오드, 트랜지스터 및 유사 반도체소자",개별소자,2019,수출,1.122
인도,메모리반도체,메모리,2019,수출,3.389
인도,디지털 집적회로반도체,시스템반도체,2019,수출,5.143
인도,기타 집적회로반도체,시스템반도체,2019,수출,0.052
인도,"다이오드, 트랜지스터 및 유사 반도체소자",개별소자,2019,수출,0.32
베트남,메모리반도체,메모리,2019,수출,13.619
베트남,디지털 집적회로반도체,시스템반도체,2019,수출,36.092
베트남,기타 집적회로반도체,시스템반도체,2019,수출,8.16
베트남,"다이오드, 트랜지스터 및 유사 반도체소자",개별소자,2019,수출,9.33
중국,메모리반도체,메모리,2019,수출,227.534
중국,디지털 집적회로반도체,시스템반도체,2019,수출,60.794
중국,기타 집적회로반도체,시스템반도체,2019,수출,2.26
중국,"다이오드, 트랜지스터 및 유사 반도체소자",개별소자,2019,수출,18.711
사우디아라비아,메모리반도체,메모리,2019,수출,0.0
사우디아라비아,디지털 집적회로반도체,시스템반도체,2019,수출,0.001
사우디아라비아,기타 집적회로반도체,시스템반도체,2019,수출,0.0
사우디아라비아,"다이오드, 트랜지스터 및 유사 반도체소자",개별소자,2019,수출,0.001
아랍에미리트,메모리반도체,메모리,2019,수출,0.001
아랍에미리트,디지털 집적회로반도체,시스템반도체,2019,수출,0.039
아랍에미리트,기타 집적회로반도체,시스템반도체,2019,수출,0.0
아랍에미리트,"다이오드, 트랜지스터 및 유사 반도체소자",개별소자,2019,수출,0.028
프랑스,메모리반도체,메모리,2019,수출,0.23
프랑스,디지털 집적회로반도체,시스템반도체,2019,수출,1.033
프랑스,기타 집적회로반도체,시스템반도체,2019,수출,0.001
프랑스,"다이오드, 트랜지스터 및 유사 반도체소자",개별소자,2019,수출,0.582
이탈리아,메모리반도체,메모리,2019,수출,0.0
이탈리아,디지털 집적회로반도체,시스템반도체,2019,수출,0.134
이탈리아,기타 집적회로반도체,시스템반도체,2019,수출,0.005
이탈리아,"다이오드, 트랜지스터 및 유사 반도체소자",개별소자,2019,수출,0.082
독일,메모리반도체,메모리,2019,수출,4.276
독일,디지털 집적회로반도체,시스템반도체,2019,수출,1.197
독일,기타 집적회로반도체,시스템반도체,2019,수출,0.051
독일,"다이오드, 트랜지스터 및 유사 반도체소자",개별소자,2019,수출,1.597
네덜란드,메모리반도체,메모리,2019,수출,0.664
네덜란드,디지털 집적회로반도체,시스템반도체,2019,수출,0.517
네덜란드,기타 집적회로반도체,시스템반도체,2019,수출,0.007
네덜란드,"다이오드, 트랜지스터 및 유사 반도체소자",개별소자,2019,수출,2.455
영국,메모리반도체,메모리,2019,수출,0.364
영국,디지털 집적회로반도체,시스템반도체,2019,수출,0.072
영국,기타 집적회로반도체,시스템반도체,2019,수출,0.019
영국,"다이오드, 트랜지스터 및 유사 반도체소자",개별소자,2019,수출,0.085
벨기에,메모리반도체,메모리,2019,수출,0.0
벨기에,디지털 집적회로반도체,시스템반도체,2019,수출,0.011
벨기에,기타 집적회로반도체,시스템반도체,2019,수출,0.0
벨기에,"다이오드, 트랜지스터 및 유사 반도체소자",개별소자,2019,수출,0.04
스페인,메모리반도체,메모리,2019,수출,0.007
스페인,디지털 집적회로반도체,시스템반도체,2019,수출,0.007
스페인,기타 집적회로반도체,시스템반도체,2019,수출,0.004
스페인,"다이오드, 트랜지스터 및 유사 반도체소자",개별소자,2019,수출,0.396
스위스,메모리반도체,메모리,2019,수출,0.004
스위스,디지털 집적회로반도체,시스템반도체,2019,수출,0.104
스위스,기타 집적회로반도체,시스템반도체,2019,수출,0.002
스위스,"다이오드, 트랜지스터 및 유사 반도체소자",개별소자,2019,수출,0.006
오스트리아,메모리반도체,메모리,2019,수출,0.08
오스트리아,디지털 집적회로반도체,시스템반도체,2019,수출,0.197
오스트리아,기타 집적회로반도체,시스템반도체,2019,수출,0.918
오스트리아,"다이오드, 트랜지스터 및 유사 반도체소자",개별소자,2019,수출,0.021
노르웨이,메모리반도체,메모리,2019,수출,0.0
노르웨이,디지털 집적회로반도체,시스템반도체,2019,수출,0.0
노르웨이,기타 집적회로반도체,시스템반도체,2019,수출,0.0
노르웨이,"다이오드, 트랜지스터 및 유사 반도체소자",개별소자,2019,수출,0.002
스웨덴,메모리반도체,메모리,2019,수출,0.058
스웨덴,디지털 집적회로반도체,시스템반도체,2019,수출,0.006
스웨덴,기타 집적회로반도체,시스템반도체,2019,수출,0.001
스웨덴,"다이오드, 트랜지스터 및 유사 반도체소자",개별소자,2019,수출,0.006
핀란드,메모리반도체,메모리,2019,수출,0.029
핀란드,디지털 집적회로반도체,시스템반도체,2019,수출,0.007
핀란드,기타 집적회로반도체,시스템반도체,2019,수출,0.027
핀란드,"다이오드, 트랜지스터 및 유사 반도체소자",개별소자,2019,수출,0.001
폴란드,메모리반도체,메모리,2019,수출,0.977
폴란드,디지털 집적회로반도체,시스템반도체,2019,수출,0.674
폴란드,기타 집적회로반도체,시스템반도체,2019,수출,0.076
폴란드,"다이오드, 트랜지스터 및 유사 반도체소자",개별소자,2019,수출,0.182
체코,메모리반도체,메모리,2019,수출,0.663
체코,디지털 집적회로반도체,시스템반도체,2019,수출,0.001
체코,기타 집적회로반도체,시스템반도체,2019,수출,0.0
체코,"다이오드, 트랜지스터 및 유사 반도체소자",개별소자,2019,수출,0.012
루마니아,메모리반도체,메모리,2019,수출,0.001
루마니아,디지털 집적회로반도체,시스템반도체,2019,수출,0.008
루마니아,기타 집적회로반도체,시스템반도체,2019,수출,0.0
루마니아,"다이오드, 트랜지스터 및 유사 반도체소자",개별소자,2019,수출,0.003
불가리아,메모리반도체,메모리,2019,수출,0.001
불가리아,디지털 집적회로반도체,시스템반도체,2019,수출,0.001
불가리아,기타 집적회로반도체,시스템반도체,2019,수출,0.0
불가리아,"다이오드, 트랜지스터 및 유사 반도체소자",개별소자,2019,수출,0.009
러시아,메모리반도체,메모리,2019,수출,0.094
러시아,디지털 집적회로반도체,시스템반도체,2019,수출,0.38
러시아,기타 집적회로반도체,시스템반도체,2019,수출,0.097
러시아,"다이오드, 트랜지스터 및 유사 반도체소자",개별소자,2019,수출,0.091
카나다,메모리반도체,메모리,2019,수출,0.024
카나다,디지털 집적회로반도체,시스템반도체,2019,수출,0.026
카나다,기타 집적회로반도체,시스템반도체,2019,수출,0.004
카나다,"다이오드, 트랜지스터 및 유사 반도체소자",개별소자,2019,수출,0.434
미국,메모리반도체,메모리,2019,수출,43.633
미국,디지털 집적회로반도체,시스템반도체,2019,수출,7.415
미국,기타 집적회로반도체,시스템반도체,2019,수출,1.399
미국,"다이오드, 트랜지스터 및 유사 반도체소자",개별소자,2019,수출,10.389
멕시코,메모리반도체,메모리,2019,수출,1.447
멕시코,디지털 집적회로반도체,시스템반도체,2019,수출,1.794
멕시코,기타 집적회로반도체,시스템반도체,2019,수출,0.019
멕시코,"다이오드, 트랜지스터 및 유사 반도체소자",개별소자,2019,수출,0.372
아르헨티나,메모리반도체,메모리,2019,수출,0.003
아르헨티나,디지털 집적회로반도체,시스템반도체,2019,수출,0.019
아르헨티나,기타 집적회로반도체,시스템반도체,2019,수출,0.0
아르헨티나,"다이오드, 트랜지스터 및 유사 반도체소자",개별소자,2019,수출,0.002
칠레,메모리반도체,메모리,2019,수출,0.0
칠레,디지털 집적회로반도체,시스템반도체,2019,수출,0.013
칠레,기타 집적회로반도체,시스템반도체,2019,수출,0.0
칠레,"다이오드, 트랜지스터 및 유사 반도체소자",개별소자,2019,수출,0.0
브라질,메모리반도체,메모리,2019,수출,2.778
브라질,디지털 집적회로반도체,시스템반도체,2019,수출,3.232
브라질,기타 집적회로반도체,시스템반도체,2019,수출,0.237
브라질,"다이오드, 트랜지스터 및 유사 반도체소자",개별소자,2019,수출,0.119
남아프리카,메모리반도체,메모리,2019,수출,0.004
남아프리카,디지털 집적회로반도체,시스템반도체,2019,수출,0.016
남아프리카,기타 집적회로반도체,시스템반도체,2019,수출,0.019
남아프리카,"다이오드, 트랜지스터 및 유사 반도체소자",개별소자,2019,수출,0.004
일본,메모리반도체,메모리,2019,수입,0.554
일본,디지털 집적회로반도체,시스템반도체,2019,수입,18.206
일본,기타 집적회로반도체,시스템반도체,2019,수입,0.485
일본,"다이오드, 트랜지스터 및 유사 반도체소자",개별소자,2019,수입,21.687
대만,메모리반도체,메모리,2019,수입,2.629
대만,디지털 집적회로반도체,시스템반도체,2019,수입,77.303
대만,기타 집적회로반도체,시스템반도체,2019,수입,2.105
대만,"다이오드, 트랜지스터 및 유사 반도체소자",개별소자,2019,수입,9.5
필리핀,메모리반도체,메모리,2019,수입,11.505
필리핀,디지털 집적회로반도체,시스템반도체,2019,수입,3.706
필리핀,기타 집적회로반도체,시스템반도체,2019,수입,0.39
필리핀,"다이오드, 트랜지스터 및 유사 반도체소자",개별소자,2019,수입,0.501
홍콩,메모리반도체,메모리,2019,수입,4.528
홍콩,디지털 집적회로반도체,시스템반도체,2019,수입,3.118
홍콩,기타 집적회로반도체,시스템반도체,2019,수입,0.041
홍콩,"다이오드, 트랜지스터 및 유사 반도체소자",개별소자,2019,수입,0.587
말레이시아,메모리반도체,메모리,2019,수입,0.125
말레이시아,디지털 집적회로반도체,시스템반도체,2019,수입,14.394
말레이시아,기타 집적회로반도체,시스템반도체,2019,수입,1.144
말레이시아,"다이오드, 트랜지스터 및 유사 반도체소자",개별소자,2019,수입,2.689
싱가포르,메모리반도체,메모리,2019,수입,0.852
싱가포르,디지털 집적회로반도체,시스템반도체,2019,수입,9.006
싱가포르,기타 집적회로반도체,시스템반도체,2019,수입,2.961
싱가포르,"다이오드, 트랜지스터 및 유사 반도체소자",개별소자,2019,수입,3.642
인도네시아,메모리반도체,메모리,2019,수입,0.005
인도네시아,디지털 집적회로반도체,시스템반도체,2019,수입,0.3
인도네시아,기타 집적회로반도체,시스템반도체,2019,수입,0.05
인도네시아,"다이오드, 트랜지스터 및 유사 반도체소자",개별소자,2019,수입,0.041
태국,메모리반도체,메모리,2019,수입,0.367
태국,디지털 집적회로반도체,시스템반도체,2019,수입,3.496
태국,기타 집적회로반도체,시스템반도체,2019,수입,0.243
태국,"다이오드, 트랜지스터 및 유사 반도체소자",개별소자,2019,수입,1.039
인도,메모리반도체,메모리,2019,수입,0.001
인도,디지털 집적회로반도체,시스템반도체,2019,수입,0.043
인도,기타 집적회로반도체,시스템반도체,2019,수입,0.001
인도,"다이오드, 트랜지스터 및 유사 반도체소자",개별소자,2019,수입,0.024
베트남,메모리반도체,메모리,2019,수입,1.489
베트남,디지털 집적회로반도체,시스템반도체,2019,수입,0.582
베트남,기타 집적회로반도체,시스템반도체,2019,수입,0.626
베트남,"다이오드, 트랜지스터 및 유사 반도체소자",개별소자,2019,수입,1.253
중국,메모리반도체,메모리,2019,수입,97.211
중국,디지털 집적회로반도체,시스템반도체,2019,수입,16.044
중국,기타 집적회로반도체,시스템반도체,2019,수입,2.081
중국,"다이오드, 트랜지스터 및 유사 반도체소자",개별소자,2019,수입,25.738
사우디아라비아,메모리반도체,메모리,2019,수입,0.0
사우디아라비아,디지털 집적회로반도체,시스템반도체,2019,수입,0.0
사우디아라비아,기타 집적회로반도체,시스템반도체,2019,수입,0.0
사우디아라비아,"다이오드, 트랜지스터 및 유사 반도체소자",개별소자,2019,수입,0.0
아랍에미리트,메모리반도체,메모리,2019,수입,0.0
아랍에미리트,디지털 집적회로반도체,시스템반도체,2019,수입,0.0
아랍에미리트,기타 집적회로반도체,시스템반도체,2019,수입,0.0
아랍에미리트,"다이오드, 트랜지스터 및 유사 반도체소자",개별소자,2019,수입,0.0
프랑스,메모리반도체,메모리,2019,수입,0.018
프랑스,디지털 집적회로반도체,시스템반도체,2019,수입,2.424
프랑스,기타 집적회로반도체,시스템반도체,2019,수입,0.008
프랑스,"다이오드, 트랜지스터 및 유사 반도체소자",개별소자,2019,수입,0.543
이탈리아,메모리반도체,메모리,2019,수입,0.0
이탈리아,디지털 집적회로반도체,시스템반도체,2019,수입,0.099
이탈리아,기타 집적회로반도체,시스템반도체,2019,수입,0.001
이탈리아,"다이오드, 트랜지스터 및 유사 반도체소자",개별소자,2019,수입,0.24
독일,메모리반도체,메모리,2019,수입,0.202
독일,디지털 집적회로반도체,시스템반도체,2019,수입,4.241
독일,기타 집적회로반도체,시스템반도체,2019,수입,0.126
독일,"다이오드, 트랜지스터 및 유사 반도체소자",개별소자,2019,수입,1.435
네덜란드,메모리반도체,메모리,2019,수입,0.012
네덜란드,디지털 집적회로반도체,시스템반도체,2019,수입,3.086
네덜란드,기타 집적회로반도체,시스템반도체,2019,수입,0.881
네덜란드,"다이오드, 트랜지스터 및 유사 반도체소자",개별소자,2019,수입,0.007
영국,메모리반도체,메모리,2019,수입,0.115
영국,디지털 집적회로반도체,시스템반도체,2019,수입,0.044
영국,기타 집적회로반도체,시스템반도체,2019,수입,0.008
영국,"다이오드, 트랜지스터 및 유사 반도체소자",개별소자,2019,수입,0.081
벨기에,메모리반도체,메모리,2019,수입,0.002
벨기에,디지털 집적회로반도체,시스템반도체,2019,수입,0.035
벨기에,기타 집적회로반도체,시스템반도체,2019,수입,0.043
벨기에,"다이오드, 트랜지스터 및 유사 반도체소자",개별소자,2019,수입,0.029
스페인,메모리반도체,메모리,2019,수입,0.0
스페인,디지털 집적회로반도체,시스템반도체,2019,수입,0.109
스페인,기타 집적회로반도체,시스템반도체,2019,수입,0.002
스페인,"다이오드, 트랜지스터 및 유사 반도체소자",개별소자,2019,수입,0.001
스위스,메모리반도체,메모리,2019,수입,0.001
스위스,디지털 집적회로반도체,시스템반도체,2019,수입,0.131
스위스,기타 집적회로반도체,시스템반도체,2019,수입,0.002
스위스,"다이오드, 트랜지스터 및 유사 반도체소자",개별소자,2019,수입,0.028
오스트리아,메모리반도체,메모리,2019,수입,0.001
오스트리아,디지털 집적회로반도체,시스템반도체,2019,수입,0.125
오스트리아,기타 집적회로반도체,시스템반도체,2019,수입,0.06
오스트리아,"다이오드, 트랜지스터 및 유사 반도체소자",개별소자,2019,수입,0.171
노르웨이,메모리반도체,메모리,2019,수입,0.002
노르웨이,디지털 집적회로반도체,시스템반도체,2019,수입,0.001
노르웨이,기타 집적회로반도체,시스템반도체,2019,수입,0.001
노르웨이,"다이오드, 트랜지스터 및 유사 반도체소자",개별소자,2019,수입,0.003
스웨덴,메모리반도체,메모리,2019,수입,0.0
스웨덴,디지털 집적회로반도체,시스템반도체,2019,수입,0.002
스웨덴,기타 집적회로반도체,시스템반도체,2019,수입,0.0
스웨덴,"다이오드, 트랜지스터 및 유사 반도체소자",개별소자,2019,수입,0.011
핀란드,메모리반도체,메모리,2019,수입,0.0
핀란드,디지털 집적회로반도체,시스템반도체,2019,수입,0.001
핀란드,기타 집적회로반도체,시스템반도체,2019,수입,0.0
핀란드,"다이오드, 트랜지스터 및 유사 반도체소자",개별소자,2019,수입,0.007
폴란드,메모리반도체,메모리,2019,수입,0.002
폴란드,디지털 집적회로반도체,시스템반도체,2019,수입,0.006
폴란드,기타 집적회로반도체,시스템반도체,2019,수입,0.0
폴란드,"다이오드, 트랜지스터 및 유사 반도체소자",개별소자,2019,수입,0.003
체코,메모리반도체,메모리,2019,수입,0.003
체코,디지털 집적회로반도체,시스템반도체,2019,수입,0.004
체코,기타 집적회로반도체,시스템반도체,2019,수입,0.0
체코,"다이오드, 트랜지스터 및 유사 반도체소자",개별소자,2019,수입,0.054
루마니아,메모리반도체,메모리,2019,수입,0.001
루마니아,디지털 집적회로반도체,시스템반도체,2019,수입,0.0
루마니아,기타 집적회로반도체,시스템반도체,2019,수입,0.0
루마니아,"다이오드, 트랜지스터 및 유사 반도체소자",개별소자,2019,수입,0.0
불가리아,메모리반도체,메모리,2019,수입,0.0
불가리아,디지털 집적회로반도체,시스템반도체,2019,수입,0.007
불가리아,기타 집적회로반도체,시스템반도체,2019,수입,0.0
불가리아,"다이오드, 트랜지스터 및 유사 반도체소자",개별소자,2019,수입,0.0
러시아,메모리반도체,메모리,2019,수입,0.0
러시아,디지털 집적회로반도체,시스템반도체,2019,수입,0.018
러시아,기타 집적회로반도체,시스템반도체,2019,수입,0.0
러시아,"다이오드, 트랜지스터 및 유사 반도체소자",개별소자,2019,수입,0.014
카나다,메모리반도체,메모리,2019,수입,0.001
카나다,디지털 집적회로반도체,시스템반도체,2019,수입,0.15
카나다,기타 집적회로반도체,시스템반도체,2019,수입,0.0
카나다,"다이오드, 트랜지스터 및 유사 반도체소자",개별소자,2019,수입,0.051
미국,메모리반도체,메모리,2019,수입,2.339
미국,디지털 집적회로반도체,시스템반도체,2019,수입,31.55
미국,기타 집적회로반도체,시스템반도체,2019,수입,0.181
미국,"다이오드, 트랜지스터 및 유사 반도체소자",개별소자,2019,수입,2.72
멕시코,메모리반도체,메모리,2019,수입,0.139
멕시코,디지털 집적회로반도체,시스템반도체,2019,수입,0.15
멕시코,기타 집적회로반도체,시스템반도체,2019,수입,0.284
멕시코,"다이오드, 트랜지스터 및 유사 반도체소자",개별소자,2019,수입,0.343
아르헨티나,메모리반도체,메모리,2019,수입,0.0
아르헨티나,디지털 집적회로반도체,시스템반도체,2019,수입,0.0
아르헨티나,기타 집적회로반도체,시스템반도체,2019,수입,0.0
아르헨티나,"다이오드, 트랜지스터 및 유사 반도체소자",개별소자,2019,수입,0.0
칠레,메모리반도체,메모리,2019,수입,0.0
칠레,디지털 집적회로반도체,시스템반도체,2019,수입,0.0
칠레,기타 집적회로반도체,시스템반도체,2019,수입,0.0
칠레,"다이오드, 트랜지스터 및 유사 반도체소자",개별소자,2019,수입,0.0
브라질,메모리반도체,메모리,2019,수입,0.002
브라질,디지털 집적회로반도체,시스템반도체,2019,수입,0.003
브라질,기타 집적회로반도체,시스템반도체,2019,수입,0.0
브라질,"다이오드, 트랜지스터 및 유사 반도체소자",개별소자,2019,수입,0.002
남아프리카,메모리반도체,메모리,2019,수입,0.0
남아프리카,디지털 집적회로반도체,시스템반도체,2019,수입,0.0
남아프리카,기타 집적회로반도체,시스템반도체,2019,수입,0.0
남아프리카,"다이오드, 트랜지스터 및 유사 반도체소자",개별소자,2019,수입,0.0
일본,메모리반도체,메모리,2020,수출,1.889
일본,디지털 집적회로반도체,시스템반도체,2020,수출,2.21
일본,기타 집적회로반도체,시스템반도체,2020,수출,0.342
일본,"다이오드, 트랜지스터 및 유사 반도체소자",개별소자,2020,수출,3.671
대만,메모리반도체,메모리,2020,수출,11.698
대만,디지털 집적회로반도체,시스템반도체,2020,수출,32.365
대만,기타 집적회로반도체,시스템반도체,2020,수출,1.498
대만,"다이오드, 트랜지스터 및 유사 반도체소자",개별소자,2020,수출,2.412
필리핀,메모리반도체,메모리,2020,수출,21.845
필리핀,디지털 집적회로반도체,시스템반도체,2020,수출,5.148
필리핀,기타 집적회로반도체,시스템반도체,2020,수출,0.296
필리핀,"다이오드, 트랜지스터 및 유사 반도체소자",개별소자,2020,수출,1.31
홍콩,메모리반도체,메모리,2020,수출,65.447
홍콩,디지털 집적회로반도체,시스템반도체,2020,수출,45.699
홍콩,기타 집적회로반도체,시스템반도체,2020,수출,1.141
홍콩,"다이오드, 트랜지스터 및 유사 반도체소자",개별소자,2020,수출,2.979
말레이시아,메모리반도체,메모리,2020,수출,1.125
말레이시아,디지털 집적회로반도체,시스템반도체,2020,수출,6.23
말레이시아,기타 집적회로반도체,시스템반도체,2020,수출,4.904
말레이시아,"다이오드, 트랜지스터 및 유사 반도체소자",개별소자,2020,수출,0.986
싱가포르,메모리반도체,메모리,2020,수출,3.107
싱가포르,디지털 집적회로반도체,시스템반도체,2020,수출,20.068
싱가포르,기타 집적회로반도체,시스템반도체,2020,수출,1.297
싱가포르,"다이오드, 트랜지스터 및 유사 반도체소자",개별소자,2020,수출,1.229
인도네시아,메모리반도체,메모리,2020,수출,0.395
인도네시아,디지털 집적회로반도체,시스템반도체,2020,수출,1.12
인도네시아,기타 집적회로반도체,시스템반도체,2020,수출,0.079
인도네시아,"다이오드, 트랜지스터 및 유사 반도체소자",개별소자,2020,수출,0.135
태국,메모리반도체,메모리,2020,수출,0.821
태국,디지털 집적회로반도체,시스템반도체,2020,수출,1.805
태국,기타 집적회로반도체,시스템반도체,2020,수출,0.55
태국,"다이오드, 트랜지스터 및 유사 반도체소자",개별소자,2020,수출,1.048
인도,메모리반도체,메모리,2020,수출,1.903
인도,디지털 집적회로반도체,시스템반도체,2020,수출,3.45
인도,기타 집적회로반도체,시스템반도체,2020,수출,0.312
인도,"다이오드, 트랜지스터 및 유사 반도체소자",개별소자,2020,수출,0.267
베트남,메모리반도체,메모리,2020,수출,9.104
베트남,디지털 집적회로반도체,시스템반도체,2020,수출,48.29
베트남,기타 집적회로반도체,시스템반도체,2020,수출,7.516
베트남,"다이오드, 트랜지스터 및 유사 반도체소자",개별소자,2020,수출,9.755
중국,메모리반도체,메모리,2020,수출,224.155
중국,디지털 집적회로반도체,시스템반도체,2020,수출,69.463
중국,기타 집적회로반도체,시스템반도체,2020,수출,2.224
중국,"다이오드, 트랜지스터 및 유사 반도체소자",개별소자,2020,수출,16.455
사우디아라비아,메모리반도체,메모리,2020,수출,0.002
사우디아라비아,디지털 집적회로반도체,시스템반도체,2020,수출,0.003
사우디아라비아,기타 집적회로반도체,시스템반도체,2020,수출,0.001
사우디아라비아,"다이오드, 트랜지스터 및 유사 반도체소자",개별소자,2020,수출,0.003
아랍에미리트,메모리반도체,메모리,2020,수출,0.001
아랍에미리트,디지털 집적회로반도체,시스템반도체,2020,수출,0.022
아랍에미리트,기타 집적회로반도체,시스템반도체,2020,수출,0.004
아랍에미리트,"다이오드, 트랜지스터 및 유사 반도체소자",개별소자,2020,수출,0.015
프랑스,메모리반도체,메모리,2020,수출,0.128
프랑스,디지털 집적회로반도체,시스템반도체,2020,수출,0.916
프랑스,기타 집적회로반도체,시스템반도체,2020,수출,0.002
프랑스,"다이오드, 트랜지스터 및 유사 반도체소자",개별소자,2020,수출,0.463
이탈리아,메모리반도체,메모리,2020,수출,0.002
이탈리아,디지털 집적회로반도체,시스템반도체,2020,수출,0.07
이탈리아,기타 집적회로반도체,시스템반도체,2020,수출,0.005
이탈리아,"다이오드, 트랜지스터 및 유사 반도체소자",개별소자,2020,수출,0.114
독일,메모리반도체,메모리,2020,수출,5.834
독일,디지털 집적회로반도체,시스템반도체,2020,수출,1.043
독일,기타 집적회로반도체,시스템반도체,2020,수출,0.057
독일,"다이오드, 트랜지스터 및 유사 반도체소자",개별소자,2020,수출,0.804
네덜란드,메모리반도체,메모리,2020,수출,0.978
네덜란드,디지털 집적회로반도체,시스템반도체,2020,수출,0.444
네덜란드,기타 집적회로반도체,시스템반도체,2020,수출,0.008
네덜란드,"다이오드, 트랜지스터 및 유사 반도체소자",개별소자,2020,수출,1.826
영국,메모리반도체,메모리,2020,수출,0.222
영국,디지털 집적회로반도체,시스템반도체,2020,수출,0.025
영국,기타 집적회로반도체,시스템반도체,2020,수출,0.013
영국,"다이오드, 트랜지스터 및 유사 반도체소자",개별소자,2020,수출,0.056
벨기에,메모리반도체,메모리,2020,수출,0.0
벨기에,디지털 집적회로반도체,시스템반도체,2020,수출,0.004
벨기에,기타 집적회로반도체,시스템반도체,2020,수출,0.001
벨기에,"다이오드, 트랜지스터 및 유사 반도체소자",개별소자,2020,수출,0.067
스페인,메모리반도체,메모리,2020,수출,0.0
스페인,디지털 집적회로반도체,시스템반도체,2020,수출,0.004
스페인,기타 집적회로반도체,시스템반도체,2020,수출,0.002
스페인,"다이오드, 트랜지스터 및 유사 반도체소자",개별소자,2020,수출,0.131
스위스,메모리반도체,메모리,2020,수출,0.002
스위스,디지털 집적회로반도체,시스템반도체,2020,수출,0.054
스위스,기타 집적회로반도체,시스템반도체,2020,수출,0.001
스위스,"다이오드, 트랜지스터 및 유사 반도체소자",개별소자,2020,수출,0.007
오스트리아,메모리반도체,메모리,2020,수출,0.101
오스트리아,디지털 집적회로반도체,시스템반도체,2020,수출,0.226
오스트리아,기타 집적회로반도체,시스템반도체,2020,수출,1.041
오스트리아,"다이오드, 트랜지스터 및 유사 반도체소자",개별소자,2020,수출,0.051
노르웨이,메모리반도체,메모리,2020,수출,0.0
노르웨이,디지털 집적회로반도체,시스템반도체,2020,수출,0.001
노르웨이,기타 집적회로반도체,시스템반도체,2020,수출,0.0
노르웨이,"다이오드, 트랜지스터 및 유사 반도체소자",개별소자,2020,수출,0.006
스웨덴,메모리반도체,메모리,2020,수출,0.087
스웨덴,디지털 집적회로반도체,시스템반도체,2020,수출,0.014
스웨덴,기타 집적회로반도체,시스템반도체,2020,수출,0.0
스웨덴,"다이오드, 트랜지스터 및 유사 반도체소자",개별소자,2020,수출,0.008
핀란드,메모리반도체,메모리,2020,수출,0.078
핀란드,디지털 집적회로반도체,시스템반도체,2020,수출,0.012
핀란드,기타 집적회로반도체,시스템반도체,2020,수출,0.023
핀란드,"다이오드, 트랜지스터 및 유사 반도체소자",개별소자,2020,수출,0.001
폴란드,메모리반도체,메모리,2020,수출,1.292
폴란드,디지털 집적회로반도체,시스템반도체,2020,수출,1.079
폴란드,기타 집적회로반도체,시스템반도체,2020,수출,0.09
폴란드,"다이오드, 트랜지스터 및 유사 반도체소자",개별소자,2020,수출,0.129
체코,메모리반도체,메모리,2020,수출,1.149
체코,디지털 집적회로반도체,시스템반도체,2020,수출,0.015
체코,기타 집적회로반도체,시스템반도체,2020,수출,0.003
체코,"다이오드, 트랜지스터 및 유사 반도체소자",개별소자,2020,수출,0.007
루마니아,메모리반도체,메모리,2020,수출,0.001
루마니아,디지털 집적회로반도체,시스템반도체,2020,수출,0.006
루마니아,기타 집적회로반도체,시스템반도체,2020,수출,0.0
루마니아,"다이오드, 트랜지스터 및 유사 반도체소자",개별소자,2020,수출,0.003
불가리아,메모리반도체,메모리,2020,수출,0.001
불가리아,디지털 집적회로반도체,시스템반도체,2020,수출,0.0
불가리아,기타 집적회로반도체,시스템반도체,2020,수출,0.0
불가리아,"다이오드, 트랜지스터 및 유사 반도체소자",개별소자,2020,수출,0.007
러시아,메모리반도체,메모리,2020,수출,0.307
러시아,디지털 집적회로반도체,시스템반도체,2020,수출,0.34
러시아,기타 집적회로반도체,시스템반도체,2020,수출,0.097
러시아,"다이오드, 트랜지스터 및 유사 반도체소자",개별소자,2020,수출,0.049
카나다,메모리반도체,메모리,2020,수출,0.035
카나다,디지털 집적회로반도체,시스템반도체,2020,수출,0.135
카나다,기타 집적회로반도체,시스템반도체,2020,수출,0.007
카나다,"다이오드, 트랜지스터 및 유사 반도체소자",개별소자,2020,수출,0.118
미국,메모리반도체,메모리,2020,수출,59.414
미국,디지털 집적회로반도체,시스템반도체,2020,수출,5.091
미국,기타 집적회로반도체,시스템반도체,2020,수출,2.93
미국,"다이오드, 트랜지스터 및 유사 반도체소자",개별소자,2020,수출,11.835
멕시코,메모리반도체,메모리,2020,수출,1.534
멕시코,디지털 집적회로반도체,시스템반도체,2020,수출,1.551
멕시코,기타 집적회로반도체,시스템반도체,2020,수출,0.049
멕시코,"다이오드, 트랜지스터 및 유사 반도체소자",개별소자,2020,수출,0.156
아르헨티나,메모리반도체,메모리,2020,수출,0.0
아르헨티나,디지털 집적회로반도체,시스템반도체,2020,수출,0.019
아르헨티나,기타 집적회로반도체,시스템반도체,2020,수출,0.0
아르헨티나,"다이오드, 트랜지스터 및 유사 반도체소자",개별소자,2020,수출,0.001
칠레,메모리반도체,메모리,2020,수출,0.0
칠레,디지털 집적회로반도체,시스템반도체,2020,수출,0.006
칠레,기타 집적회로반도체,시스템반도체,2020,수출,0.0
칠레,"다이오드, 트랜지스터 및 유사 반도체소자",개별소자,2020,수출,0.0
브라질,메모리반도체,메모리,2020,수출,2.998
브라질,디지털 집적회로반도체,시스템반도체,2020,수출,2.32
브라질,기타 집적회로반도체,시스템반도체,2020,수출,0.412
브라질,"다이오드, 트랜지스터 및 유사 반도체소자",개별소자,2020,수출,0.1
남아프리카,메모리반도체,메모리,2020,수출,0.01
남아프리카,디지털 집적회로반도체,시스템반도체,2020,수출,0.01
남아프리카,기타 집적회로반도체,시스템반도체,2020,수출,0.012
남아프리카,"다이오드, 트랜지스터 및 유사 반도체소자",개별소자,2020,수출,0.008
일본,메모리반도체,메모리,2020,수입,0.558
일본,디지털 집적회로반도체,시스템반도체,2020,수입,16.328
일본,기타 집적회로반도체,시스템반도체,2020,수입,0.725
일본,"다이오드, 트랜지스터 및 유사 반도체소자",개별소자,2020,수입,23.832
대만,메모리반도체,메모리,2020,수입,4.759
대만,디지털 집적회로반도체,시스템반도체,2020,수입,97.049
대만,기타 집적회로반도체,시스템반도체,2020,수입,2.696
대만,"다이오드, 트랜지스터 및 유사 반도체소자",개별소자,2020,수입,8.222
필리핀,메모리반도체,메모리,2020,수입,5.099
필리핀,디지털 집적회로반도체,시스템반도체,2020,수입,4.256
필리핀,기타 집적회로반도체,시스템반도체,2020,수입,0.351
필리핀,"다이오드, 트랜지스터 및 유사 반도체소자",개별소자,2020,수입,0.57
홍콩,메모리반도체,메모리,2020,수입,1.261
홍콩,디지털 집적회로반도체,시스템반도체,2020,수입,2.48
홍콩,기타 집적회로반도체,시스템반도체,2020,수입,0.067
홍콩,"다이오드, 트랜지스터 및 유사 반도체소자",개별소자,2020,수입,0.241
말레이시아,메모리반도체,메모리,2020,수입,0.301
말레이시아,디지털 집적회로반도체,시스템반도체,2020,수입,14.315
말레이시아,기타 집적회로반도체,시스템반도체,2020,수입,1.122
말레이시아,"다이오드, 트랜지스터 및 유사 반도체소자",개별소자,2020,수입,2.64
싱가포르,메모리반도체,메모리,2020,수입,1.002
싱가포르,디지털 집적회로반도체,시스템반도체,2020,수입,13.699
싱가포르,기타 집적회로반도체,시스템반도체,2020,수입,1.802
싱가포르,"다이오드, 트랜지스터 및 유사 반도체소자",개별소자,2020,수입,3.785
인도네시아,메모리반도체,메모리,2020,수입,0.004
인도네시아,디지털 집적회로반도체,시스템반도체,2020,수입,0.258
인도네시아,기타 집적회로반도체,시스템반도체,2020,수입,0.02
인도네시아,"다이오드, 트랜지스터 및 유사 반도체소자",개별소자,2020,수입,0.046
태국,메모리반도체,메모리,2020,수입,0.298
태국,디지털 집적회로반도체,시스템반도체,2020,수입,3.534
태국,기타 집적회로반도체,시스템반도체,2020,수입,0.268
태국,"다이오드, 트랜지스터 및 유사 반도체소자",개별소자,2020,수입,1.138
인도,메모리반도체,메모리,2020,수입,0.001
인도,디지털 집적회로반도체,시스템반도체,2020,수입,0.033
인도,기타 집적회로반도체,시스템반도체,2020,수입,0.001
인도,"다이오드, 트랜지스터 및 유사 반도체소자",개별소자,2020,수입,0.017
베트남,메모리반도체,메모리,2020,수입,1.433
베트남,디지털 집적회로반도체,시스템반도체,2020,수입,0.571
베트남,기타 집적회로반도체,시스템반도체,2020,수입,1.364
베트남,"다이오드, 트랜지스터 및 유사 반도체소자",개별소자,2020,수입,1.537
중국,메모리반도체,메모리,2020,수입,78.571
중국,디지털 집적회로반도체,시스템반도체,2020,수입,22.931
중국,기타 집적회로반도체,시스템반도체,2020,수입,2.385
중국,"다이오드, 트랜지스터 및 유사 반도체소자",개별소자,2020,수입,22.342
사우디아라비아,메모리반도체,메모리,2020,수입,0.0
사우디아라비아,디지털 집적회로반도체,시스템반도체,2020,수입,0.0
사우디아라비아,기타 집적회로반도체,시스템반도체,2020,수입,0.0
사우디아라비아,"다이오드, 트랜지스터 및 유사 반도체소자",개별소자,2020,수입,0.0
아랍에미리트,메모리반도체,메모리,2020,수입,0.052
아랍에미리트,디지털 집적회로반도체,시스템반도체,2020,수입,0.002
아랍에미리트,기타 집적회로반도체,시스템반도체,2020,수입,0.0
아랍에미리트,"다이오드, 트랜지스터 및 유사 반도체소자",개별소자,2020,수입,0.0
프랑스,메모리반도체,메모리,2020,수입,0.042
프랑스,디지털 집적회로반도체,시스템반도체,2020,수입,1.96
프랑스,기타 집적회로반도체,시스템반도체,2020,수입,0.006
프랑스,"다이오드, 트랜지스터 및 유사 반도체소자",개별소자,2020,수입,0.4
이탈리아,메모리반도체,메모리,2020,수입,0.007
이탈리아,디지털 집적회로반도체,시스템반도체,2020,수입,0.24
이탈리아,기타 집적회로반도체,시스템반도체,2020,수입,0.001
이탈리아,"다이오드, 트랜지스터 및 유사 반도체소자",개별소자,2020,수입,0.263
독일,메모리반도체,메모리,2020,수입,0.109
독일,디지털 집적회로반도체,시스템반도체,2020,수입,5.511
독일,기타 집적회로반도체,시스템반도체,2020,수입,0.667
독일,"다이오드, 트랜지스터 및 유사 반도체소자",개별소자,2020,수입,1.155
네덜란드,메모리반도체,메모리,2020,수입,0.038
네덜란드,디지털 집적회로반도체,시스템반도체,2020,수입,0.093
네덜란드,기타 집적회로반도체,시스템반도체,2020,수입,0.191
네덜란드,"다이오드, 트랜지스터 및 유사 반도체소자",개별소자,2020,수입,0.013
영국,메모리반도체,메모리,2020,수입,0.002
영국,디지털 집적회로반도체,시스템반도체,2020,수입,0.047
영국,기타 집적회로반도체,시스템반도체,2020,수입,0.014
영국,"다이오드, 트랜지스터 및 유사 반도체소자",개별소자,2020,수입,0.075
벨기에,메모리반도체,메모리,2020,수입,0.0
벨기에,디지털 집적회로반도체,시스템반도체,2020,수입,0.037
벨기에,기타 집적회로반도체,시스템반도체,2020,수입,0.001
벨기에,"다이오드, 트랜지스터 및 유사 반도체소자",개별소자,2020,수입,0.015
스페인,메모리반도체,메모리,2020,수입,0.0
스페인,디지털 집적회로반도체,시스템반도체,2020,수입,0.076
스페인,기타 집적회로반도체,시스템반도체,2020,수입,0.004
스페인,"다이오드, 트랜지스터 및 유사 반도체소자",개별소자,2020,수입,0.002
스위스,메모리반도체,메모리,2020,수입,0.001
스위스,디지털 집적회로반도체,시스템반도체,2020,수입,0.115
스위스,기타 집적회로반도체,시스템반도체,2020,수입,0.002
스위스,"다이오드, 트랜지스터 및 유사 반도체소자",개별소자,2020,수입,0.016
오스트리아,메모리반도체,메모리,2020,수입,0.0
오스트리아,디지털 집적회로반도체,시스템반도체,2020,수입,0.077
오스트리아,기타 집적회로반도체,시스템반도체,2020,수입,0.045
오스트리아,"다이오드, 트랜지스터 및 유사 반도체소자",개별소자,2020,수입,0.064
노르웨이,메모리반도체,메모리,2020,수입,0.0
노르웨이,디지털 집적회로반도체,시스템반도체,2020,수입,0.001
노르웨이,기타 집적회로반도체,시스템반도체,2020,수입,0.001
노르웨이,"다이오드, 트랜지스터 및 유사 반도체소자",개별소자,2020,수입,0.012
스웨덴,메모리반도체,메모리,2020,수입,0.006
스웨덴,디지털 집적회로반도체,시스템반도체,2020,수입,0.001
스웨덴,기타 집적회로반도체,시스템반도체,2020,수입,0.001
스웨덴,"다이오드, 트랜지스터 및 유사 반도체소자",개별소자,2020,수입,0.018
핀란드,메모리반도체,메모리,2020,수입,0.0
핀란드,디지털 집적회로반도체,시스템반도체,2020,수입,0.001
핀란드,기타 집적회로반도체,시스템반도체,2020,수입,0.0
핀란드,"다이오드, 트랜지스터 및 유사 반도체소자",개별소자,2020,수입,0.019
폴란드,메모리반도체,메모리,2020,수입,0.015
폴란드,디지털 집적회로반도체,시스템반도체,2020,수입,0.003
폴란드,기타 집적회로반도체,시스템반도체,2020,수입,0.0
폴란드,"다이오드, 트랜지스터 및 유사 반도체소자",개별소자,2020,수입,0.004
체코,메모리반도체,메모리,2020,수입,0.002
체코,디지털 집적회로반도체,시스템반도체,2020,수입,0.005
체코,기타 집적회로반도체,시스템반도체,2020,수입,0.0
체코,"다이오드, 트랜지스터 및 유사 반도체소자",개별소자,2020,수입,0.054
루마니아,메모리반도체,메모리,2020,수입,0.001
루마니아,디지털 집적회로반도체,시스템반도체,2020,수입,0.001
루마니아,기타 집적회로반도체,시스템반도체,2020,수입,0.0
루마니아,"다이오드, 트랜지스터 및 유사 반도체소자",개별소자,2020,수입,0.0
불가리아,메모리반도체,메모리,2020,수입,0.0
불가리아,디지털 집적회로반도체,시스템반도체,2020,수입,0.012
불가리아,기타 집적회로반도체,시스템반도체,2020,수입,0.0
불가리아,"다이오드, 트랜지스터 및 유사 반도체소자",개별소자,2020,수입,0.001
러시아,메모리반도체,메모리,2020,수입,0.0
러시아,디지털 집적회로반도체,시스템반도체,2020,수입,0.027
러시아,기타 집적회로반도체,시스템반도체,2020,수입,0.0
러시아,"다이오드, 트랜지스터 및 유사 반도체소자",개별소자,2020,수입,0.009
카나다,메모리반도체,메모리,2020,수입,0.011
카나다,디지털 집적회로반도체,시스템반도체,2020,수입,0.127
카나다,기타 집적회로반도체,시스템반도체,2020,수입,0.002
카나다,"다이오드, 트랜지스터 및 유사 반도체소자",개별소자,2020,수입,0.052
미국,메모리반도체,메모리,2020,수입,0.756
미국,디지털 집적회로반도체,시스템반도체,2020,수입,30.17
미국,기타 집적회로반도체,시스템반도체,2020,수입,0.199
미국,"다이오드, 트랜지스터 및 유사 반도체소자",개별소자,2020,수입,3.302
멕시코,메모리반도체,메모리,2020,수입,0.041
멕시코,디지털 집적회로반도체,시스템반도체,2020,수입,0.169
멕시코,기타 집적회로반도체,시스템반도체,2020,수입,0.273
멕시코,"다이오드, 트랜지스터 및 유사 반도체소자",개별소자,2020,수입,0.273
아르헨티나,메모리반도체,메모리,2020,수입,0.0
아르헨티나,디지털 집적회로반도체,시스템반도체,2020,수입,0.0
아르헨티나,기타 집적회로반도체,시스템반도체,2020,수입,0.0
아르헨티나,"다이오드, 트랜지스터 및 유사 반도체소자",개별소자,2020,수입,0.0
칠레,메모리반도체,메모리,2020,수입,0.0
칠레,디지털 집적회로반도체,시스템반도체,2020,수입,0.0
칠레,기타 집적회로반도체,시스템반도체,2020,수입,0.0
칠레,"다이오드, 트랜지스터 및 유사 반도체소자",개별소자,2020,수입,0.0
브라질,메모리반도체,메모리,2020,수입,0.01
브라질,디지털 집적회로반도체,시스템반도체,2020,수입,0.005
브라질,기타 집적회로반도체,시스템반도체,2020,수입,0.001
브라질,"다이오드, 트랜지스터 및 유사 반도체소자",개별소자,2020,수입,0.002
남아프리카,메모리반도체,메모리,2020,수입,0.0
남아프리카,디지털 집적회로반도체,시스템반도체,2020,수입,0.0
남아프리카,기타 집적회로반도체,시스템반도체,2020,수입,0.0
남아프리카,"다이오드, 트랜지스터 및 유사 반도체소자",개별소자,2020,수입,0.0
일본,메모리반도체,메모리,2021,수출,2.549
일본,디지털 집적회로반도체,시스템반도체,2021,수출,3.4
일본,기타 집적회로반도체,시스템반도체,2021,수출,0.882
일본,"다이오드, 트랜지스터 및 유사 반도체소자",개별소자,2021,수출,3.413
대만,메모리반도체,메모리,2021,수출,16.835
대만,디지털 집적회로반도체,시스템반도체,2021,수출,54.753
대만,기타 집적회로반도체,시스템반도체,2021,수출,2.373
대만,"다이오드, 트랜지스터 및 유사 반도체소자",개별소자,2021,수출,2.821
필리핀,메모리반도체,메모리,2021,수출,30.198
필리핀,디지털 집적회로반도체,시스템반도체,2021,수출,5.826
필리핀,기타 집적회로반도체,시스템반도체,2021,수출,0.403
필리핀,"다이오드, 트랜지스터 및 유사 반도체소자",개별소자,2021,수출,1.277
홍콩,메모리반도체,메모리,2021,수출,75.807
홍콩,디지털 집적회로반도체,시스템반도체,2021,수출,46.398
홍콩,기타 집적회로반도체,시스템반도체,2021,수출,5.569
홍콩,"다이오드, 트랜지스터 및 유사 반도체소자",개별소자,2021,수출,3.261
말레이시아,메모리반도체,메모리,2021,수출,1.823
말레이시아,디지털 집적회로반도체,시스템반도체,2021,수출,7.443
말레이시아,기타 집적회로반도체,시스템반도체,2021,수출,5.946
말레이시아,"다이오드, 트랜지스터 및 유사 반도체소자",개별소자,2021,수출,0.789
싱가포르,메모리반도체,메모리,2021,수출,4.245
싱가포르,디지털 집적회로반도체,시스템반도체,2021,수출,31.34
싱가포르,기타 집적회로반도체,시스템반도체,2021,수출,1.661
싱가포르,"다이오드, 트랜지스터 및 유사 반도체소자",개별소자,2021,수출,0.937
인도네시아,메모리반도체,메모리,2021,수출,0.176
인도네시아,디지털 집적회로반도체,시스템반도체,2021,수출,1.282
인도네시아,기타 집적회로반도체,시스템반도체,2021,수출,0.079
인도네시아,"다이오드, 트랜지스터 및 유사 반도체소자",개별소자,2021,수출,0.178
태국,메모리반도체,메모리,2021,수출,1.126
태국,디지털 집적회로반도체,시스템반도체,2021,수출,2.802
태국,기타 집적회로반도체,시스템반도체,2021,수출,0.895
태국,"다이오드, 트랜지스터 및 유사 반도체소자",개별소자,2021,수출,1.243
인도,메모리반도체,메모리,2021,수출,1.08
인도,디지털 집적회로반도체,시스템반도체,2021,수출,2.679
인도,기타 집적회로반도체,시스템반도체,2021,수출,0.356
인도,"다이오드, 트랜지스터 및 유사 반도체소자",개별소자,2021,수출,0.318
베트남,메모리반도체,메모리,2021,수출,26.394
베트남,디지털 집적회로반도체,시스템반도체,2021,수출,47.56
베트남,기타 집적회로반도체,시스템반도체,2021,수출,8.015
베트남,"다이오드, 트랜지스터 및 유사 반도체소자",개별소자,2021,수출,11.769
중국,메모리반도체,메모리,2021,수출,251.462
중국,디지털 집적회로반도체,시스템반도체,2021,수출,115.849
중국,기타 집적회로반도체,시스템반도체,2021,수출,4.065
중국,"다이오드, 트랜지스터 및 유사 반도체소자",개별소자,2021,수출,20.125
사우디아라비아,메모리반도체,메모리,2021,수출,0.008
사우디아라비아,디지털 집적회로반도체,시스템반도체,2021,수출,0.003
사우디아라비아,기타 집적회로반도체,시스템반도체,2021,수출,0.001
사우디아라비아,"다이오드, 트랜지스터 및 유사 반도체소자",개별소자,2021,수출,0.005
아랍에미리트,메모리반도체,메모리,2021,수출,0.008
아랍에미리트,디지털 집적회로반도체,시스템반도체,2021,수출,0.017
아랍에미리트,기타 집적회로반도체,시스템반도체,2021,수출,0.014
아랍에미리트,"다이오드, 트랜지스터 및 유사 반도체소자",개별소자,2021,수출,0.005
프랑스,메모리반도체,메모리,2021,수출,0.164
프랑스,디지털 집적회로반도체,시스템반도체,2021,수출,0.984
프랑스,기타 집적회로반도체,시스템반도체,2021,수출,0.003
프랑스,"다이오드, 트랜지스터 및 유사 반도체소자",개별소자,2021,수출,0.713
이탈리아,메모리반도체,메모리,2021,수출,0.001
이탈리아,디지털 집적회로반도체,시스템반도체,2021,수출,0.105
이탈리아,기타 집적회로반도체,시스템반도체,2021,수출,0.012
이탈리아,"다이오드, 트랜지스터 및 유사 반도체소자",개별소자,2021,수출,0.139
독일,메모리반도체,메모리,2021,수출,7.995
독일,디지털 집적회로반도체,시스템반도체,2021,수출,1.338
독일,기타 집적회로반도체,시스템반도체,2021,수출,0.056
독일,"다이오드, 트랜지스터 및 유사 반도체소자",개별소자,2021,수출,0.936
네덜란드,메모리반도체,메모리,2021,수출,1.743
네덜란드,디지털 집적회로반도체,시스템반도체,2021,수출,0.352
네덜란드,기타 집적회로반도체,시스템반도체,2021,수출,0.017
네덜란드,"다이오드, 트랜지스터 및 유사 반도체소자",개별소자,2021,수출,0.711
영국,메모리반도체,메모리,2021,수출,0.197
영국,디지털 집적회로반도체,시스템반도체,2021,수출,0.038
영국,기타 집적회로반도체,시스템반도체,2021,수출,0.017
영국,"다이오드, 트랜지스터 및 유사 반도체소자",개별소자,2021,수출,0.101
벨기에,메모리반도체,메모리,2021,수출,0.0
벨기에,디지털 집적회로반도체,시스템반도체,2021,수출,0.008
벨기에,기타 집적회로반도체,시스템반도체,2021,수출,0.001
벨기에,"다이오드, 트랜지스터 및 유사 반도체소자",개별소자,2021,수출,0.068
스페인,메모리반도체,메모리,2021,수출,0.003
스페인,디지털 집적회로반도체,시스템반도체,2021,수출,0.005
스페인,기타 집적회로반도체,시스템반도체,2021,수출,0.001
스페인,"다이오드, 트랜지스터 및 유사 반도체소자",개별소자,2021,수출,0.002
스위스,메모리반도체,메모리,2021,수출,0.001
스위스,디지털 집적회로반도체,시스템반도체,2021,수출,0.053
스위스,기타 집적회로반도체,시스템반도체,2021,수출,0.001
스위스,"다이오드, 트랜지스터 및 유사 반도체소자",개별소자,2021,수출,0.005
오스트리아,메모리반도체,메모리,2021,수출,0.113
오스트리아,디지털 집적회로반도체,시스템반도체,2021,수출,0.33
오스트리아,기타 집적회로반도체,시스템반도체,2021,수출,0.998
오스트리아,"다이오드, 트랜지스터 및 유사 반도체소자",개별소자,2021,수출,0.032
노르웨이,메모리반도체,메모리,2021,수출,0.0
노르웨이,디지털 집적회로반도체,시스템반도체,2021,수출,0.0
노르웨이,기타 집적회로반도체,시스템반도체,2021,수출,0.0
노르웨이,"다이오드, 트랜지스터 및 유사 반도체소자",개별소자,2021,수출,0.014
스웨덴,메모리반도체,메모리,2021,수출,0.071
스웨덴,디지털 집적회로반도체,시스템반도체,2021,수출,0.051
스웨덴,기타 집적회로반도체,시스템반도체,2021,수출,0.001
스웨덴,"다이오드, 트랜지스터 및 유사 반도체소자",개별소자,2021,수출,0.012
핀란드,메모리반도체,메모리,2021,수출,0.204
핀란드,디지털 집적회로반도체,시스템반도체,2021,수출,0.015
핀란드,기타 집적회로반도체,시스템반도체,2021,수출,0.029
핀란드,"다이오드, 트랜지스터 및 유사 반도체소자",개별소자,2021,수출,0.001
폴란드,메모리반도체,메모리,2021,수출,0.926
폴란드,디지털 집적회로반도체,시스템반도체,2021,수출,1.834
폴란드,기타 집적회로반도체,시스템반도체,2021,수출,0.055
폴란드,"다이오드, 트랜지스터 및 유사 반도체소자",개별소자,2021,수출,0.129
체코,메모리반도체,메모리,2021,수출,0.949
체코,디지털 집적회로반도체,시스템반도체,2021,수출,0.051
체코,기타 집적회로반도체,시스템반도체,2021,수출,0.003
체코,"다이오드, 트랜지스터 및 유사 반도체소자",개별소자,2021,수출,0.031
루마니아,메모리반도체,메모리,2021,수출,0.001
루마니아,디지털 집적회로반도체,시스템반도체,2021,수출,0.007
루마니아,기타 집적회로반도체,시스템반도체,2021,수출,0.0
루마니아,"다이오드, 트랜지스터 및 유사 반도체소자",개별소자,2021,수출,0.015
불가리아,메모리반도체,메모리,2021,수출,0.001
불가리아,디지털 집적회로반도체,시스템반도체,2021,수출,0.001
불가리아,기타 집적회로반도체,시스템반도체,2021,수출,0.0
불가리아,"다이오드, 트랜지스터 및 유사 반도체소자",개별소자,2021,수출,0.002
러시아,메모리반도체,메모리,2021,수출,0.179
러시아,디지털 집적회로반도체,시스템반도체,2021,수출,0.343
러시아,기타 집적회로반도체,시스템반도체,2021,수출,0.118
러시아,"다이오드, 트랜지스터 및 유사 반도체소자",개별소자,2021,수출,0.049
카나다,메모리반도체,메모리,2021,수출,0.039
카나다,디지털 집적회로반도체,시스템반도체,2021,수출,0.569
카나다,기타 집적회로반도체,시스템반도체,2021,수출,0.011
카나다,"다이오드, 트랜지스터 및 유사 반도체소자",개별소자,2021,수출,0.097
미국,메모리반도체,메모리,2021,수출,73.253
미국,디지털 집적회로반도체,시스템반도체,2021,수출,4.907
미국,기타 집적회로반도체,시스템반도체,2021,수출,2.52
미국,"다이오드, 트랜지스터 및 유사 반도체소자",개별소자,2021,수출,10.327
멕시코,메모리반도체,메모리,2021,수출,1.739
멕시코,디지털 집적회로반도체,시스템반도체,2021,수출,1.61
멕시코,기타 집적회로반도체,시스템반도체,2021,수출,0.033
멕시코,"다이오드, 트랜지스터 및 유사 반도체소자",개별소자,2021,수출,0.162
아르헨티나,메모리반도체,메모리,2021,수출,0.0
아르헨티나,디지털 집적회로반도체,시스템반도체,2021,수출,0.004
아르헨티나,기타 집적회로반도체,시스템반도체,2021,수출,0.0
아르헨티나,"다이오드, 트랜지스터 및 유사 반도체소자",개별소자,2021,수출,0.001
칠레,메모리반도체,메모리,2021,수출,0.0
칠레,디지털 집적회로반도체,시스템반도체,2021,수출,0.007
칠레,기타 집적회로반도체,시스템반도체,2021,수출,0.0
칠레,"다이오드, 트랜지스터 및 유사 반도체소자",개별소자,2021,수출,0.001
브라질,메모리반도체,메모리,2021,수출,3.311
브라질,디지털 집적회로반도체,시스템반도체,2021,수출,2.146
브라질,기타 집적회로반도체,시스템반도체,2021,수출,0.325
브라질,"다이오드, 트랜지스터 및 유사 반도체소자",개별소자,2021,수출,0.09
남아프리카,메모리반도체,메모리,2021,수출,0.018
남아프리카,디지털 집적회로반도체,시스템반도체,2021,수출,0.011
남아프리카,기타 집적회로반도체,시스템반도체,2021,수출,0.007
남아프리카,"다이오드, 트랜지스터 및 유사 반도체소자",개별소자,2021,수출,0.01
일본,메모리반도체,메모리,2021,수입,0.341
일본,디지털 집적회로반도체,시스템반도체,2021,수입,24.158
일본,기타 집적회로반도체,시스템반도체,2021,수입,1.151
일본,"다이오드, 트랜지스터 및 유사 반도체소자",개별소자,2021,수입,27.047
대만,메모리반도체,메모리,2021,수입,4.559
대만,디지털 집적회로반도체,시스템반도체,2021,수입,133.582
대만,기타 집적회로반도체,시스템반도체,2021,수입,2.648
대만,"다이오드, 트랜지스터 및 유사 반도체소자",개별소자,2021,수입,10.43
필리핀,메모리반도체,메모리,2021,수입,1.83
필리핀,디지털 집적회로반도체,시스템반도체,2021,수입,6.177
필리핀,기타 집적회로반도체,시스템반도체,2021,수입,0.462
필리핀,"다이오드, 트랜지스터 및 유사 반도체소자",개별소자,2021,수입,0.765
홍콩,메모리반도체,메모리,2021,수입,0.876
홍콩,디지털 집적회로반도체,시스템반도체,2021,수입,4.095
홍콩,기타 집적회로반도체,시스템반도체,2021,수입,0.178
홍콩,"다이오드, 트랜지스터 및 유사 반도체소자",개별소자,2021,수입,0.21
말레이시아,메모리반도체,메모리,2021,수입,0.601
말레이시아,디지털 집적회로반도체,시스템반도체,2021,수입,16.328
말레이시아,기타 집적회로반도체,시스템반도체,2021,수입,2.279
말레이시아,"다이오드, 트랜지스터 및 유사 반도체소자",개별소자,2021,수입,3.114
싱가포르,메모리반도체,메모리,2021,수입,1.118
싱가포르,디지털 집적회로반도체,시스템반도체,2021,수입,16.096
싱가포르,기타 집적회로반도체,시스템반도체,2021,수입,1.927
싱가포르,"다이오드, 트랜지스터 및 유사 반도체소자",개별소자,2021,수입,5.968
인도네시아,메모리반도체,메모리,2021,수입,0.0
인도네시아,디지털 집적회로반도체,시스템반도체,2021,수입,0.3
인도네시아,기타 집적회로반도체,시스템반도체,2021,수입,0.032
인도네시아,"다이오드, 트랜지스터 및 유사 반도체소자",개별소자,2021,수입,0.042
태국,메모리반도체,메모리,2021,수입,0.408
태국,디지털 집적회로반도체,시스템반도체,2021,수입,4.979
태국,기타 집적회로반도체,시스템반도체,2021,수입,0.341
태국,"다이오드, 트랜지스터 및 유사 반도체소자",개별소자,2021,수입,1.526
인도,메모리반도체,메모리,2021,수입,0.001
인도,디지털 집적회로반도체,시스템반도체,2021,수입,0.083
인도,기타 집적회로반도체,시스템반도체,2021,수입,0.008
인도,"다이오드, 트랜지스터 및 유사 반도체소자",개별소자,2021,수입,0.02
베트남,메모리반도체,메모리,2021,수입,3.053
베트남,디지털 집적회로반도체,시스템반도체,2021,수입,0.613
베트남,기타 집적회로반도체,시스템반도체,2021,수입,1.479
베트남,"다이오드, 트랜지스터 및 유사 반도체소자",개별소자,2021,수입,1.817
중국,메모리반도체,메모리,2021,수입,79.442
중국,디지털 집적회로반도체,시스템반도체,2021,수입,38.873
중국,기타 집적회로반도체,시스템반도체,2021,수입,3.873
중국,"다이오드, 트랜지스터 및 유사 반도체소자",개별소자,2021,수입,26.261
사우디아라비아,메모리반도체,메모리,2021,수입,0.0
사우디아라비아,디지털 집적회로반도체,시스템반도체,2021,수입,0.0
사우디아라비아,기타 집적회로반도체,시스템반도체,2021,수입,0.0
사우디아라비아,"다이오드, 트랜지스터 및 유사 반도체소자",개별소자,2021,수입,0.0
아랍에미리트,메모리반도체,메모리,2021,수입,0.001
아랍에미리트,디지털 집적회로반도체,시스템반도체,2021,수입,0.002
아랍에미리트,기타 집적회로반도체,시스템반도체,2021,수입,0.0
아랍에미리트,"다이오드, 트랜지스터 및 유사 반도체소자",개별소자,2021,수입,0.0
프랑스,메모리반도체,메모리,2021,수입,0.009
프랑스,디지털 집적회로반도체,시스템반도체,2021,수입,2.928
프랑스,기타 집적회로반도체,시스템반도체,2021,수입,0.005
프랑스,"다이오드, 트랜지스터 및 유사 반도체소자",개별소자,2021,수입,1.503
이탈리아,메모리반도체,메모리,2021,수입,0.011
이탈리아,디지털 집적회로반도체,시스템반도체,2021,수입,0.17
이탈리아,기타 집적회로반도체,시스템반도체,2021,수입,0.002
이탈리아,"다이오드, 트랜지스터 및 유사 반도체소자",개별소자,2021,수입,0.249
독일,메모리반도체,메모리,2021,수입,0.109
독일,디지털 집적회로반도체,시스템반도체,2021,수입,7.225
독일,기타 집적회로반도체,시스템반도체,2021,수입,1.097
독일,"다이오드, 트랜지스터 및 유사 반도체소자",개별소자,2021,수입,1.679
네덜란드,메모리반도체,메모리,2021,수입,0.055
네덜란드,디지털 집적회로반도체,시스템반도체,2021,수입,0.039
네덜란드,기타 집적회로반도체,시스템반도체,2021,수입,0.304
네덜란드,"다이오드, 트랜지스터 및 유사 반도체소자",개별소자,2021,수입,0.035
영국,메모리반도체,메모리,2021,수입,0.002
영국,디지털 집적회로반도체,시스템반도체,2021,수입,0.065
영국,기타 집적회로반도체,시스템반도체,2021,수입,0.019
영국,"다이오드, 트랜지스터 및 유사 반도체소자",개별소자,2021,수입,0.093
벨기에,메모리반도체,메모리,2021,수입,0.0
벨기에,디지털 집적회로반도체,시스템반도체,2021,수입,0.048
벨기에,기타 집적회로반도체,시스템반도체,2021,수입,0.0
벨기에,"다이오드, 트랜지스터 및 유사 반도체소자",개별소자,2021,수입,0.009
스페인,메모리반도체,메모리,2021,수입,0.001
스페인,디지털 집적회로반도체,시스템반도체,2021,수입,0.016
스페인,기타 집적회로반도체,시스템반도체,2021,수입,0.003
스페인,"다이오드, 트랜지스터 및 유사 반도체소자",개별소자,2021,수입,0.007
스위스,메모리반도체,메모리,2021,수입,0.002
스위스,디지털 집적회로반도체,시스템반도체,2021,수입,0.155
스위스,기타 집적회로반도체,시스템반도체,2021,수입,0.002
스위스,"다이오드, 트랜지스터 및 유사 반도체소자",개별소자,2021,수입,0.016
오스트리아,메모리반도체,메모리,2021,수입,0.002
오스트리아,디지털 집적회로반도체,시스템반도체,2021,수입,0.123
오스트리아,기타 집적회로반도체,시스템반도체,2021,수입,0.046
오스트리아,"다이오드, 트랜지스터 및 유사 반도체소자",개별소자,2021,수입,0.262
노르웨이,메모리반도체,메모리,2021,수입,0.0
노르웨이,디지털 집적회로반도체,시스템반도체,2021,수입,0.006
노르웨이,기타 집적회로반도체,시스템반도체,2021,수입,0.001
노르웨이,"다이오드, 트랜지스터 및 유사 반도체소자",개별소자,2021,수입,0.174
스웨덴,메모리반도체,메모리,2021,수입,0.002
스웨덴,디지털 집적회로반도체,시스템반도체,2021,수입,0.005
스웨덴,기타 집적회로반도체,시스템반도체,2021,수입,0.001
스웨덴,"다이오드, 트랜지스터 및 유사 반도체소자",개별소자,2021,수입,0.015
핀란드,메모리반도체,메모리,2021,수입,0.0
핀란드,디지털 집적회로반도체,시스템반도체,2021,수입,0.002
핀란드,기타 집적회로반도체,시스템반도체,2021,수입,0.001
핀란드,"다이오드, 트랜지스터 및 유사 반도체소자",개별소자,2021,수입,0.049
폴란드,메모리반도체,메모리,2021,수입,0.001
폴란드,디지털 집적회로반도체,시스템반도체,2021,수입,0.006
폴란드,기타 집적회로반도체,시스템반도체,2021,수입,0.0
폴란드,"다이오드, 트랜지스터 및 유사 반도체소자",개별소자,2021,수입,0.006
체코,메모리반도체,메모리,2021,수입,0.002
체코,디지털 집적회로반도체,시스템반도체,2021,수입,0.003
체코,기타 집적회로반도체,시스템반도체,2021,수입,0.0
체코,"다이오드, 트랜지스터 및 유사 반도체소자",개별소자,2021,수입,0.075
루마니아,메모리반도체,메모리,2021,수입,0.002
루마니아,디지털 집적회로반도체,시스템반도체,2021,수입,0.0
루마니아,기타 집적회로반도체,시스템반도체,2021,수입,0.0
루마니아,"다이오드, 트랜지스터 및 유사 반도체소자",개별소자,2021,수입,0.0
불가리아,메모리반도체,메모리,2021,수입,0.0
불가리아,디지털 집적회로반도체,시스템반도체,2021,수입,0.012
불가리아,기타 집적회로반도체,시스템반도체,2021,수입,0.0
불가리아,"다이오드, 트랜지스터 및 유사 반도체소자",개별소자,2021,수입,0.001
러시아,메모리반도체,메모리,2021,수입,0.0
러시아,디지털 집적회로반도체,시스템반도체,2021,수입,0.026
러시아,기타 집적회로반도체,시스템반도체,2021,수입,0.001
러시아,"다이오드, 트랜지스터 및 유사 반도체소자",개별소자,2021,수입,0.02
카나다,메모리반도체,메모리,2021,수입,0.002
카나다,디지털 집적회로반도체,시스템반도체,2021,수입,0.102
카나다,기타 집적회로반도체,시스템반도체,2021,수입,0.004
카나다,"다이오드, 트랜지스터 및 유사 반도체소자",개별소자,2021,수입,0.052
미국,메모리반도체,메모리,2021,수입,2.216
미국,디지털 집적회로반도체,시스템반도체,2021,수입,29.136
미국,기타 집적회로반도체,시스템반도체,2021,수입,0.476
미국,"다이오드, 트랜지스터 및 유사 반도체소자",개별소자,2021,수입,3.71
멕시코,메모리반도체,메모리,2021,수입,0.027
멕시코,디지털 집적회로반도체,시스템반도체,2021,수입,0.255
멕시코,기타 집적회로반도체,시스템반도체,2021,수입,0.186
멕시코,"다이오드, 트랜지스터 및 유사 반도체소자",개별소자,2021,수입,0.305
아르헨티나,메모리반도체,메모리,2021,수입,0.0
아르헨티나,디지털 집적회로반도체,시스템반도체,2021,수입,0.0
아르헨티나,기타 집적회로반도체,시스템반도체,2021,수입,0.0
아르헨티나,"다이오드, 트랜지스터 및 유사 반도체소자",개별소자,2021,수입,0.0
칠레,메모리반도체,메모리,2021,수입,0.0
칠레,디지털 집적회로반도체,시스템반도체,2021,수입,0.0
칠레,기타 집적회로반도체,시스템반도체,2021,수입,0.0
칠레,"다이오드, 트랜지스터 및 유사 반도체소자",개별소자,2021,수입,0.0
브라질,메모리반도체,메모리,2021,수입,0.005
브라질,디지털 집적회로반도체,시스템반도체,2021,수입,0.002
브라질,기타 집적회로반도체,시스템반도체,2021,수입,0.004
브라질,"다이오드, 트랜지스터 및 유사 반도체소자",개별소자,2021,수입,0.003
남아프리카,메모리반도체,메모리,2021,수입,0.0
남아프리카,디지털 집적회로반도체,시스템반도체,2021,수입,0.0
남아프리카,기타 집적회로반도체,시스템반도체,2021,수입,0.0
남아프리카,"다이오드, 트랜지스터 및 유사 반도체소자",개별소자,2021,수입,0.0
일본,메모리반도체,메모리,2022,수출,1.71
일본,디지털 집적회로반도체,시스템반도체,2022,수출,4.372
일본,기타 집적회로반도체,시스템반도체,2022,수출,1.185
일본,"다이오드, 트랜지스터 및 유사 반도체소자",개별소자,2022,수출,3.164
대만,메모리반도체,메모리,2022,수출,17.248
대만,디지털 집적회로반도체,시스템반도체,2022,수출,72.139
대만,기타 집적회로반도체,시스템반도체,2022,수출,5.197
대만,"다이오드, 트랜지스터 및 유사 반도체소자",개별소자,2022,수출,2.438
필리핀,메모리반도체,메모리,2022,수출,26.486
필리핀,디지털 집적회로반도체,시스템반도체,2022,수출,8.046
필리핀,기타 집적회로반도체,시스템반도체,2022,수출,1.258
필리핀,"다이오드, 트랜지스터 및 유사 반도체소자",개별소자,2022,수출,1.37
홍콩,메모리반도체,메모리,2022,수출,55.453
홍콩,디지털 집적회로반도체,시스템반도체,2022,수출,34.398
홍콩,기타 집적회로반도체,시스템반도체,2022,수출,8.867
홍콩,"다이오드, 트랜지스터 및 유사 반도체소자",개별소자,2022,수출,2.577
말레이시아,메모리반도체,메모리,2022,수출,2.224
말레이시아,디지털 집적회로반도체,시스템반도체,2022,수출,9.378
말레이시아,기타 집적회로반도체,시스템반도체,2022,수출,5.854
말레이시아,"다이오드, 트랜지스터 및 유사 반도체소자",개별소자,2022,수출,0.784
싱가포르,메모리반도체,메모리,2022,수출,3.858
싱가포르,디지털 집적회로반도체,시스템반도체,2022,수출,51.517
싱가포르,기타 집적회로반도체,시스템반도체,2022,수출,2.245
싱가포르,"다이오드, 트랜지스터 및 유사 반도체소자",개별소자,2022,수출,1.199
인도네시아,메모리반도체,메모리,2022,수출,0.729
인도네시아,디지털 집적회로반도체,시스템반도체,2022,수출,2.222
인도네시아,기타 집적회로반도체,시스템반도체,2022,수출,0.172
인도네시아,"다이오드, 트랜지스터 및 유사 반도체소자",개별소자,2022,수출,0.168
태국,메모리반도체,메모리,2022,수출,0.924
태국,디지털 집적회로반도체,시스템반도체,2022,수출,4.354
태국,기타 집적회로반도체,시스템반도체,2022,수출,1.075
태국,"다이오드, 트랜지스터 및 유사 반도체소자",개별소자,2022,수출,1.106
인도,메모리반도체,메모리,2022,수출,4.07
인도,디지털 집적회로반도체,시스템반도체,2022,수출,8.558
인도,기타 집적회로반도체,시스템반도체,2022,수출,1.036
인도,"다이오드, 트랜지스터 및 유사 반도체소자",개별소자,2022,수출,0.358
베트남,메모리반도체,메모리,2022,수출,43.24
베트남,디지털 집적회로반도체,시스템반도체,2022,수출,60.876
베트남,기타 집적회로반도체,시스템반도체,2022,수출,12.435
베트남,"다이오드, 트랜지스터 및 유사 반도체소자",개별소자,2022,수출,7.582
중국,메모리반도체,메모리,2022,수출,247.03
중국,디지털 집적회로반도체,시스템반도체,2022,수출,148.685
중국,기타 집적회로반도체,시스템반도체,2022,수출,6.096
중국,"다이오드, 트랜지스터 및 유사 반도체소자",개별소자,2022,수출,16.578
사우디아라비아,메모리반도체,메모리,2022,수출,0.002
사우디아라비아,디지털 집적회로반도체,시스템반도체,2022,수출,0.002
사우디아라비아,기타 집적회로반도체,시스템반도체,2022,수출,0.0
사우디아라비아,"다이오드, 트랜지스터 및 유사 반도체소자",개별소자,2022,수출,0.013
아랍에미리트,메모리반도체,메모리,2022,수출,0.061
아랍에미리트,디지털 집적회로반도체,시스템반도체,2022,수출,0.075
아랍에미리트,기타 집적회로반도체,시스템반도체,2022,수출,0.0
아랍에미리트,"다이오드, 트랜지스터 및 유사 반도체소자",개별소자,2022,수출,0.047
프랑스,메모리반도체,메모리,2022,수출,0.108
프랑스,디지털 집적회로반도체,시스템반도체,2022,수출,1.107
프랑스,기타 집적회로반도체,시스템반도체,2022,수출,0.006
프랑스,"다이오드, 트랜지스터 및 유사 반도체소자",개별소자,2022,수출,0.982
이탈리아,메모리반도체,메모리,2022,수출,0.001
이탈리아,디지털 집적회로반도체,시스템반도체,2022,수출,0.091
이탈리아,기타 집적회로반도체,시스템반도체,2022,수출,0.005
이탈리아,"다이오드, 트랜지스터 및 유사 반도체소자",개별소자,2022,수출,0.142
독일,메모리반도체,메모리,2022,수출,6.463
독일,디지털 집적회로반도체,시스템반도체,2022,수출,1.728
독일,기타 집적회로반도체,시스템반도체,2022,수출,0.11
독일,"다이오드, 트랜지스터 및 유사 반도체소자",개별소자,2022,수출,0.629
네덜란드,메모리반도체,메모리,2022,수출,1.227
네덜란드,디지털 집적회로반도체,시스템반도체,2022,수출,0.368
네덜란드,기타 집적회로반도체,시스템반도체,2022,수출,0.024
네덜란드,"다이오드, 트랜지스터 및 유사 반도체소자",개별소자,2022,수출,0.366
영국,메모리반도체,메모리,2022,수출,0.16
영국,디지털 집적회로반도체,시스템반도체,2022,수출,0.033
영국,기타 집적회로반도체,시스템반도체,2022,수출,0.014
영국,"다이오드, 트랜지스터 및 유사 반도체소자",개별소자,2022,수출,0.086
벨기에,메모리반도체,메모리,2022,수출,0.0
벨기에,디지털 집적회로반도체,시스템반도체,2022,수출,0.009
벨기에,기타 집적회로반도체,시스템반도체,2022,수출,0.004
벨기에,"다이오드, 트랜지스터 및 유사 반도체소자",개별소자,2022,수출,0.06
스페인,메모리반도체,메모리,2022,수출,0.004
스페인,디지털 집적회로반도체,시스템반도체,2022,수출,0.007
스페인,기타 집적회로반도체,시스템반도체,2022,수출,0.001
스페인,"다이오드, 트랜지스터 및 유사 반도체소자",개별소자,2022,수출,0.002
스위스,메모리반도체,메모리,2022,수출,0.003
스위스,디지털 집적회로반도체,시스템반도체,2022,수출,0.088
스위스,기타 집적회로반도체,시스템반도체,2022,수출,0.001
스위스,"다이오드, 트랜지스터 및 유사 반도체소자",개별소자,2022,수출,0.005
오스트리아,메모리반도체,메모리,2022,수출,0.065
오스트리아,디지털 집적회로반도체,시스템반도체,2022,수출,0.538
오스트리아,기타 집적회로반도체,시스템반도체,2022,수출,0.014
오스트리아,"다이오드, 트랜지스터 및 유사 반도체소자",개별소자,2022,수출,0.03
노르웨이,메모리반도체,메모리,2022,수출,0.0
노르웨이,디지털 집적회로반도체,시스템반도체,2022,수출,0.0
노르웨이,기타 집적회로반도체,시스템반도체,2022,수출,0.0
노르웨이,"다이오드, 트랜지스터 및 유사 반도체소자",개별소자,2022,수출,0.018
스웨덴,메모리반도체,메모리,2022,수출,0.049
스웨덴,디지털 집적회로반도체,시스템반도체,2022,수출,0.186
스웨덴,기타 집적회로반도체,시스템반도체,2022,수출,0.002
스웨덴,"다이오드, 트랜지스터 및 유사 반도체소자",개별소자,2022,수출,0.007
핀란드,메모리반도체,메모리,2022,수출,0.018
핀란드,디지털 집적회로반도체,시스템반도체,2022,수출,0.014
핀란드,기타 집적회로반도체,시스템반도체,2022,수출,0.027
핀란드,"다이오드, 트랜지스터 및 유사 반도체소자",개별소자,2022,수출,0.001
폴란드,메모리반도체,메모리,2022,수출,1.009
폴란드,디지털 집적회로반도체,시스템반도체,2022,수출,2.344
폴란드,기타 집적회로반도체,시스템반도체,2022,수출,0.138
폴란드,"다이오드, 트랜지스터 및 유사 반도체소자",개별소자,2022,수출,0.228
체코,메모리반도체,메모리,2022,수출,0.924
체코,디지털 집적회로반도체,시스템반도체,2022,수출,0.053
체코,기타 집적회로반도체,시스템반도체,2022,수출,0.002
체코,"다이오드, 트랜지스터 및 유사 반도체소자",개별소자,2022,수출,0.069
루마니아,메모리반도체,메모리,2022,수출,0.001
루마니아,디지털 집적회로반도체,시스템반도체,2022,수출,0.025
루마니아,기타 집적회로반도체,시스템반도체,2022,수출,0.0
루마니아,"다이오드, 트랜지스터 및 유사 반도체소자",개별소자,2022,수출,0.013
불가리아,메모리반도체,메모리,2022,수출,0.003
불가리아,디지털 집적회로반도체,시스템반도체,2022,수출,0.002
불가리아,기타 집적회로반도체,시스템반도체,2022,수출,0.0
불가리아,"다이오드, 트랜지스터 및 유사 반도체소자",개별소자,2022,수출,0.001
러시아,메모리반도체,메모리,2022,수출,0.05
러시아,디지털 집적회로반도체,시스템반도체,2022,수출,0.128
러시아,기타 집적회로반도체,시스템반도체,2022,수출,0.008
러시아,"다이오드, 트랜지스터 및 유사 반도체소자",개별소자,2022,수출,0.047
카나다,메모리반도체,메모리,2022,수출,0.026
카나다,디지털 집적회로반도체,시스템반도체,2022,수출,0.925
카나다,기타 집적회로반도체,시스템반도체,2022,수출,0.008
카나다,"다이오드, 트랜지스터 및 유사 반도체소자",개별소자,2022,수출,0.06
미국,메모리반도체,메모리,2022,수출,66.554
미국,디지털 집적회로반도체,시스템반도체,2022,수출,5.545
미국,기타 집적회로반도체,시스템반도체,2022,수출,0.729
미국,"다이오드, 트랜지스터 및 유사 반도체소자",개별소자,2022,수출,17.553
멕시코,메모리반도체,메모리,2022,수출,0.895
멕시코,디지털 집적회로반도체,시스템반도체,2022,수출,2.339
멕시코,기타 집적회로반도체,시스템반도체,2022,수출,0.048
멕시코,"다이오드, 트랜지스터 및 유사 반도체소자",개별소자,2022,수출,0.142
아르헨티나,메모리반도체,메모리,2022,수출,0.0
아르헨티나,디지털 집적회로반도체,시스템반도체,2022,수출,0.002
아르헨티나,기타 집적회로반도체,시스템반도체,2022,수출,0.0
아르헨티나,"다이오드, 트랜지스터 및 유사 반도체소자",개별소자,2022,수출,0.0
칠레,메모리반도체,메모리,2022,수출,0.0
칠레,디지털 집적회로반도체,시스템반도체,2022,수출,0.004
칠레,기타 집적회로반도체,시스템반도체,2022,수출,0.0
칠레,"다이오드, 트랜지스터 및 유사 반도체소자",개별소자,2022,수출,0.001
브라질,메모리반도체,메모리,2022,수출,2.572
브라질,디지털 집적회로반도체,시스템반도체,2022,수출,3.186
브라질,기타 집적회로반도체,시스템반도체,2022,수출,0.44
브라질,"다이오드, 트랜지스터 및 유사 반도체소자",개별소자,2022,수출,0.059
남아프리카,메모리반도체,메모리,2022,수출,0.028
남아프리카,디지털 집적회로반도체,시스템반도체,2022,수출,0.067
남아프리카,기타 집적회로반도체,시스템반도체,2022,수출,0.0
남아프리카,"다이오드, 트랜지스터 및 유사 반도체소자",개별소자,2022,수출,0.023
일본,메모리반도체,메모리,2022,수입,0.373
일본,디지털 집적회로반도체,시스템반도체,2022,수입,42.589
일본,기타 집적회로반도체,시스템반도체,2022,수입,0.828
일본,"다이오드, 트랜지스터 및 유사 반도체소자",개별소자,2022,수입,24.558
대만,메모리반도체,메모리,2022,수입,2.831
대만,디지털 집적회로반도체,시스템반도체,2022,수입,181.055
대만,기타 집적회로반도체,시스템반도체,2022,수입,3.601
대만,"다이오드, 트랜지스터 및 유사 반도체소자",개별소자,2022,수입,8.036
필리핀,메모리반도체,메모리,2022,수입,1.875
필리핀,디지털 집적회로반도체,시스템반도체,2022,수입,6.809
필리핀,기타 집적회로반도체,시스템반도체,2022,수입,0.479
필리핀,"다이오드, 트랜지스터 및 유사 반도체소자",개별소자,2022,수입,0.975
홍콩,메모리반도체,메모리,2022,수입,1.35
홍콩,디지털 집적회로반도체,시스템반도체,2022,수입,3.456
홍콩,기타 집적회로반도체,시스템반도체,2022,수입,0.107
홍콩,"다이오드, 트랜지스터 및 유사 반도체소자",개별소자,2022,수입,0.232
말레이시아,메모리반도체,메모리,2022,수입,1.083
말레이시아,디지털 집적회로반도체,시스템반도체,2022,수입,18.422
말레이시아,기타 집적회로반도체,시스템반도체,2022,수입,2.218
말레이시아,"다이오드, 트랜지스터 및 유사 반도체소자",개별소자,2022,수입,3.891
싱가포르,메모리반도체,메모리,2022,수입,3.004
싱가포르,디지털 집적회로반도체,시스템반도체,2022,수입,16.742
싱가포르,기타 집적회로반도체,시스템반도체,2022,수입,3.023
싱가포르,"다이오드, 트랜지스터 및 유사 반도체소자",개별소자,2022,수입,5.358
인도네시아,메모리반도체,메모리,2022,수입,0.016
인도네시아,디지털 집적회로반도체,시스템반도체,2022,수입,0.506
인도네시아,기타 집적회로반도체,시스템반도체,2022,수입,0.041
인도네시아,"다이오드, 트랜지스터 및 유사 반도체소자",개별소자,2022,수입,0.045
태국,메모리반도체,메모리,2022,수입,0.352
태국,디지털 집적회로반도체,시스템반도체,2022,수입,6.652
태국,기타 집적회로반도체,시스템반도체,2022,수입,0.408
태국,"다이오드, 트랜지스터 및 유사 반도체소자",개별소자,2022,수입,1.489
인도,메모리반도체,메모리,2022,수입,0.001
인도,디지털 집적회로반도체,시스템반도체,2022,수입,0.035
인도,기타 집적회로반도체,시스템반도체,2022,수입,0.01
인도,"다이오드, 트랜지스터 및 유사 반도체소자",개별소자,2022,수입,0.019
베트남,메모리반도체,메모리,2022,수입,3.732
베트남,디지털 집적회로반도체,시스템반도체,2022,수입,0.694
베트남,기타 집적회로반도체,시스템반도체,2022,수입,0.167
베트남,"다이오드, 트랜지스터 및 유사 반도체소자",개별소자,2022,수입,1.916
중국,메모리반도체,메모리,2022,수입,102.194
중국,디지털 집적회로반도체,시스템반도체,2022,수입,44.949
중국,기타 집적회로반도체,시스템반도체,2022,수입,3.736
중국,"다이오드, 트랜지스터 및 유사 반도체소자",개별소자,2022,수입,28.055
사우디아라비아,메모리반도체,메모리,2022,수입,0.0
사우디아라비아,디지털 집적회로반도체,시스템반도체,2022,수입,0.0
사우디아라비아,기타 집적회로반도체,시스템반도체,2022,수입,0.0
사우디아라비아,"다이오드, 트랜지스터 및 유사 반도체소자",개별소자,2022,수입,0.0
아랍에미리트,메모리반도체,메모리,2022,수입,0.007
아랍에미리트,디지털 집적회로반도체,시스템반도체,2022,수입,0.005
아랍에미리트,기타 집적회로반도체,시스템반도체,2022,수입,0.0
아랍에미리트,"다이오드, 트랜지스터 및 유사 반도체소자",개별소자,2022,수입,0.0
프랑스,메모리반도체,메모리,2022,수입,0.021
프랑스,디지털 집적회로반도체,시스템반도체,2022,수입,3.728
프랑스,기타 집적회로반도체,시스템반도체,2022,수입,0.01
프랑스,"다이오드, 트랜지스터 및 유사 반도체소자",개별소자,2022,수입,2.307
이탈리아,메모리반도체,메모리,2022,수입,0.001
이탈리아,디지털 집적회로반도체,시스템반도체,2022,수입,0.099
이탈리아,기타 집적회로반도체,시스템반도체,2022,수입,0.003
이탈리아,"다이오드, 트랜지스터 및 유사 반도체소자",개별소자,2022,수입,0.255
독일,메모리반도체,메모리,2022,수입,0.148
독일,디지털 집적회로반도체,시스템반도체,2022,수입,7.356
독일,기타 집적회로반도체,시스템반도체,2022,수입,1.167
독일,"다이오드, 트랜지스터 및 유사 반도체소자",개별소자,2022,수입,2.446
네덜란드,메모리반도체,메모리,2022,수입,0.103
네덜란드,디지털 집적회로반도체,시스템반도체,2022,수입,0.144
네덜란드,기타 집적회로반도체,시스템반도체,2022,수입,0.028
네덜란드,"다이오드, 트랜지스터 및 유사 반도체소자",개별소자,2022,수입,0.022
영국,메모리반도체,메모리,2022,수입,0.003
영국,디지털 집적회로반도체,시스템반도체,2022,수입,0.073
영국,기타 집적회로반도체,시스템반도체,2022,수입,0.014
영국,"다이오드, 트랜지스터 및 유사 반도체소자",개별소자,2022,수입,0.115
벨기에,메모리반도체,메모리,2022,수입,0.0
벨기에,디지털 집적회로반도체,시스템반도체,2022,수입,0.082
벨기에,기타 집적회로반도체,시스템반도체,2022,수입,0.001
벨기에,"다이오드, 트랜지스터 및 유사 반도체소자",개별소자,2022,수입,0.006
스페인,메모리반도체,메모리,2022,수입,0.0
스페인,디지털 집적회로반도체,시스템반도체,2022,수입,0.013
스페인,기타 집적회로반도체,시스템반도체,2022,수입,0.0
스페인,"다이오드, 트랜지스터 및 유사 반도체소자",개별소자,2022,수입,0.006
스위스,메모리반도체,메모리,2022,수입,0.0
스위스,디지털 집적회로반도체,시스템반도체,2022,수입,0.177
스위스,기타 집적회로반도체,시스템반도체,2022,수입,0.001
스위스,"다이오드, 트랜지스터 및 유사 반도체소자",개별소자,2022,수입,0.017
오스트리아,메모리반도체,메모리,2022,수입,0.007
오스트리아,디지털 집적회로반도체,시스템반도체,2022,수입,0.308
오스트리아,기타 집적회로반도체,시스템반도체,2022,수입,0.037
오스트리아,"다이오드, 트랜지스터 및 유사 반도체소자",개별소자,2022,수입,0.2
노르웨이,메모리반도체,메모리,2022,수입,0.0
노르웨이,디지털 집적회로반도체,시스템반도체,2022,수입,0.012
노르웨이,기타 집적회로반도체,시스템반도체,2022,수입,0.0
노르웨이,"다이오드, 트랜지스터 및 유사 반도체소자",개별소자,2022,수입,0.101
스웨덴,메모리반도체,메모리,2022,수입,0.001
스웨덴,디지털 집적회로반도체,시스템반도체,2022,수입,0.01
스웨덴,기타 집적회로반도체,시스템반도체,2022,수입,0.0
스웨덴,"다이오드, 트랜지스터 및 유사 반도체소자",개별소자,2022,수입,0.014
핀란드,메모리반도체,메모리,2022,수입,0.0
핀란드,디지털 집적회로반도체,시스템반도체,2022,수입,0.003
핀란드,기타 집적회로반도체,시스템반도체,2022,수입,0.0
핀란드,"다이오드, 트랜지스터 및 유사 반도체소자",개별소자,2022,수입,0.029
폴란드,메모리반도체,메모리,2022,수입,0.035
폴란드,디지털 집적회로반도체,시스템반도체,2022,수입,0.005
폴란드,기타 집적회로반도체,시스템반도체,2022,수입,0.0
폴란드,"다이오드, 트랜지스터 및 유사 반도체소자",개별소자,2022,수입,0.003
체코,메모리반도체,메모리,2022,수입,0.004
체코,디지털 집적회로반도체,시스템반도체,2022,수입,0.002
체코,기타 집적회로반도체,시스템반도체,2022,수입,0.0
체코,"다이오드, 트랜지스터 및 유사 반도체소자",개별소자,2022,수입,0.266
루마니아,메모리반도체,메모리,2022,수입,0.002
루마니아,디지털 집적회로반도체,시스템반도체,2022,수입,0.0
루마니아,기타 집적회로반도체,시스템반도체,2022,수입,0.0
루마니아,"다이오드, 트랜지스터 및 유사 반도체소자",개별소자,2022,수입,0.0
불가리아,메모리반도체,메모리,2022,수입,0.0
불가리아,디지털 집적회로반도체,시스템반도체,2022,수입,0.018
불가리아,기타 집적회로반도체,시스템반도체,2022,수입,0.0
불가리아,"다이오드, 트랜지스터 및 유사 반도체소자",개별소자,2022,수입,0.002
러시아,메모리반도체,메모리,2022,수입,0.0
러시아,디지털 집적회로반도체,시스템반도체,2022,수입,0.009
러시아,기타 집적회로반도체,시스템반도체,2022,수입,0.0
러시아,"다이오드, 트랜지스터 및 유사 반도체소자",개별소자,2022,수입,0.012
카나다,메모리반도체,메모리,2022,수입,0.012
카나다,디지털 집적회로반도체,시스템반도체,2022,수입,0.183
카나다,기타 집적회로반도체,시스템반도체,2022,수입,0.001
카나다,"다이오드, 트랜지스터 및 유사 반도체소자",개별소자,2022,수입,0.164
미국,메모리반도체,메모리,2022,수입,1.828
미국,디지털 집적회로반도체,시스템반도체,2022,수입,23.445
미국,기타 집적회로반도체,시스템반도체,2022,수입,1.036
미국,"다이오드, 트랜지스터 및 유사 반도체소자",개별소자,2022,수입,3.672
멕시코,메모리반도체,메모리,2022,수입,0.053
멕시코,디지털 집적회로반도체,시스템반도체,2022,수입,0.379
멕시코,기타 집적회로반도체,시스템반도체,2022,수입,0.348
멕시코,"다이오드, 트랜지스터 및 유사 반도체소자",개별소자,2022,수입,0.237
아르헨티나,메모리반도체,메모리,2022,수입,0.0
아르헨티나,디지털 집적회로반도체,시스템반도체,2022,수입,0.0
아르헨티나,기타 집적회로반도체,시스템반도체,2022,수입,0.0
아르헨티나,"다이오드, 트랜지스터 및 유사 반도체소자",개별소자,2022,수입,0.0
칠레,메모리반도체,메모리,2022,수입,0.0
칠레,디지털 집적회로반도체,시스템반도체,2022,수입,0.0
칠레,기타 집적회로반도체,시스템반도체,2022,수입,0.0
칠레,"다이오드, 트랜지스터 및 유사 반도체소자",개별소자,2022,수입,0.0
브라질,메모리반도체,메모리,2022,수입,0.003
브라질,디지털 집적회로반도체,시스템반도체,2022,수입,0.002
브라질,기타 집적회로반도체,시스템반도체,2022,수입,0.0
브라질,"다이오드, 트랜지스터 및 유사 반도체소자",개별소자,2022,수입,0.003
남아프리카,메모리반도체,메모리,2022,수입,0.0
남아프리카,디지털 집적회로반도체,시스템반도체,2022,수입,0.0
남아프리카,기타 집적회로반도체,시스템반도체,2022,수입,0.0
남아프리카,"다이오드, 트랜지스터 및 유사 반도체소자",개별소자,2022,수입,0.0
일본,메모리반도체,메모리,2023,수출,0.998
일본,디지털 집적회로반도체,시스템반도체,2023,수출,7.522
일본,기타 집적회로반도체,시스템반도체,2023,수출,0.538
일본,"다이오드, 트랜지스터 및 유사 반도체소자",개별소자,2023,수출,2.182
대만,메모리반도체,메모리,2023,수출,15.98
대만,디지털 집적회로반도체,시스템반도체,2023,수출,54.502
대만,기타 집적회로반도체,시스템반도체,2023,수출,5.302
대만,"다이오드, 트랜지스터 및 유사 반도체소자",개별소자,2023,수출,1.479
필리핀,메모리반도체,메모리,2023,수출,7.584
필리핀,디지털 집적회로반도체,시스템반도체,2023,수출,7.74
필리핀,기타 집적회로반도체,시스템반도체,2023,수출,0.439
필리핀,"다이오드, 트랜지스터 및 유사 반도체소자",개별소자,2023,수출,1.021
홍콩,메모리반도체,메모리,2023,수출,41.818
홍콩,디지털 집적회로반도체,시스템반도체,2023,수출,30.411
홍콩,기타 집적회로반도체,시스템반도체,2023,수출,9.062
홍콩,"다이오드, 트랜지스터 및 유사 반도체소자",개별소자,2023,수출,1.745
말레이시아,메모리반도체,메모리,2023,수출,1.323
말레이시아,디지털 집적회로반도체,시스템반도체,2023,수출,8.642
말레이시아,기타 집적회로반도체,시스템반도체,2023,수출,5.308
말레이시아,"다이오드, 트랜지스터 및 유사 반도체소자",개별소자,2023,수출,0.51
싱가포르,메모리반도체,메모리,2023,수출,3.536
싱가포르,디지털 집적회로반도체,시스템반도체,2023,수출,38.986
싱가포르,기타 집적회로반도체,시스템반도체,2023,수출,2.398
싱가포르,"다이오드, 트랜지스터 및 유사 반도체소자",개별소자,2023,수출,1.403
인도네시아,메모리반도체,메모리,2023,수출,0.8
인도네시아,디지털 집적회로반도체,시스템반도체,2023,수출,2.248
인도네시아,기타 집적회로반도체,시스템반도체,2023,수출,0.142
인도네시아,"다이오드, 트랜지스터 및 유사 반도체소자",개별소자,2023,수출,0.127
태국,메모리반도체,메모리,2023,수출,0.645
태국,디지털 집적회로반도체,시스템반도체,2023,수출,4.192
태국,기타 집적회로반도체,시스템반도체,2023,수출,0.806
태국,"다이오드, 트랜지스터 및 유사 반도체소자",개별소자,2023,수출,0.85
인도,메모리반도체,메모리,2023,수출,2.363
인도,디지털 집적회로반도체,시스템반도체,2023,수출,8.261
인도,기타 집적회로반도체,시스템반도체,2023,수출,1.014
인도,"다이오드, 트랜지스터 및 유사 반도체소자",개별소자,2023,수출,0.403
베트남,메모리반도체,메모리,2023,수출,31.555
베트남,디지털 집적회로반도체,시스템반도체,2023,수출,50.491
베트남,기타 집적회로반도체,시스템반도체,2023,수출,9.733
베트남,"다이오드, 트랜지스터 및 유사 반도체소자",개별소자,2023,수출,8.112
중국,메모리반도체,메모리,2023,수출,158.821
중국,디지털 집적회로반도체,시스템반도체,2023,수출,119.124
중국,기타 집적회로반도체,시스템반도체,2023,수출,5.851
중국,"다이오드, 트랜지스터 및 유사 반도체소자",개별소자,2023,수출,14.129
사우디아라비아,메모리반도체,메모리,2023,수출,0.003
사우디아라비아,디지털 집적회로반도체,시스템반도체,2023,수출,0.001
사우디아라비아,기타 집적회로반도체,시스템반도체,2023,수출,0.0
사우디아라비아,"다이오드, 트랜지스터 및 유사 반도체소자",개별소자,2023,수출,0.01
아랍에미리트,메모리반도체,메모리,2023,수출,0.029
아랍에미리트,디지털 집적회로반도체,시스템반도체,2023,수출,0.081
아랍에미리트,기타 집적회로반도체,시스템반도체,2023,수출,0.003
아랍에미리트,"다이오드, 트랜지스터 및 유사 반도체소자",개별소자,2023,수출,0.003
프랑스,메모리반도체,메모리,2023,수출,0.086
프랑스,디지털 집적회로반도체,시스템반도체,2023,수출,1.974
프랑스,기타 집적회로반도체,시스템반도체,2023,수출,0.01
프랑스,"다이오드, 트랜지스터 및 유사 반도체소자",개별소자,2023,수출,1.088
이탈리아,메모리반도체,메모리,2023,수출,0.001
이탈리아,디지털 집적회로반도체,시스템반도체,2023,수출,0.129
이탈리아,기타 집적회로반도체,시스템반도체,2023,수출,0.004
이탈리아,"다이오드, 트랜지스터 및 유사 반도체소자",개별소자,2023,수출,0.147
독일,메모리반도체,메모리,2023,수출,4.412
독일,디지털 집적회로반도체,시스템반도체,2023,수출,1.886
독일,기타 집적회로반도체,시스템반도체,2023,수출,0.124
독일,"다이오드, 트랜지스터 및 유사 반도체소자",개별소자,2023,수출,0.688
네덜란드,메모리반도체,메모리,2023,수출,1.972
네덜란드,디지털 집적회로반도체,시스템반도체,2023,수출,0.671
네덜란드,기타 집적회로반도체,시스템반도체,2023,수출,0.037
네덜란드,"다이오드, 트랜지스터 및 유사 반도체소자",개별소자,2023,수출,0.028
영국,메모리반도체,메모리,2023,수출,0.141
영국,디지털 집적회로반도체,시스템반도체,2023,수출,0.042
영국,기타 집적회로반도체,시스템반도체,2023,수출,0.011
영국,"다이오드, 트랜지스터 및 유사 반도체소자",개별소자,2023,수출,0.087
벨기에,메모리반도체,메모리,2023,수출,0.001
벨기에,디지털 집적회로반도체,시스템반도체,2023,수출,0.015
벨기에,기타 집적회로반도체,시스템반도체,2023,수출,0.001
벨기에,"다이오드, 트랜지스터 및 유사 반도체소자",개별소자,2023,수출,0.039
스페인,메모리반도체,메모리,2023,수출,0.003
스페인,디지털 집적회로반도체,시스템반도체,2023,수출,0.002
스페인,기타 집적회로반도체,시스템반도체,2023,수출,0.003
스페인,"다이오드, 트랜지스터 및 유사 반도체소자",개별소자,2023,수출,0.001
스위스,메모리반도체,메모리,2023,수출,0.0
스위스,디지털 집적회로반도체,시스템반도체,2023,수출,0.041
스위스,기타 집적회로반도체,시스템반도체,2023,수출,0.0
스위스,"다이오드, 트랜지스터 및 유사 반도체소자",개별소자,2023,수출,0.003
오스트리아,메모리반도체,메모리,2023,수출,0.019
오스트리아,디지털 집적회로반도체,시스템반도체,2023,수출,0.41
오스트리아,기타 집적회로반도체,시스템반도체,2023,수출,0.005
오스트리아,"다이오드, 트랜지스터 및 유사 반도체소자",개별소자,2023,수출,0.022
노르웨이,메모리반도체,메모리,2023,수출,0.0
노르웨이,디지털 집적회로반도체,시스템반도체,2023,수출,0.0
노르웨이,기타 집적회로반도체,시스템반도체,2023,수출,0.0
노르웨이,"다이오드, 트랜지스터 및 유사 반도체소자",개별소자,2023,수출,0.014
스웨덴,메모리반도체,메모리,2023,수출,0.036
스웨덴,디지털 집적회로반도체,시스템반도체,2023,수출,0.432
스웨덴,기타 집적회로반도체,시스템반도체,2023,수출,0.0
스웨덴,"다이오드, 트랜지스터 및 유사 반도체소자",개별소자,2023,수출,0.012
핀란드,메모리반도체,메모리,2023,수출,0.039
핀란드,디지털 집적회로반도체,시스템반도체,2023,수출,0.006
핀란드,기타 집적회로반도체,시스템반도체,2023,수출,0.025
핀란드,"다이오드, 트랜지스터 및 유사 반도체소자",개별소자,2023,수출,0.0
폴란드,메모리반도체,메모리,2023,수출,1.223
폴란드,디지털 집적회로반도체,시스템반도체,2023,수출,2.948
폴란드,기타 집적회로반도체,시스템반도체,2023,수출,0.239
폴란드,"다이오드, 트랜지스터 및 유사 반도체소자",개별소자,2023,수출,0.335
체코,메모리반도체,메모리,2023,수출,0.797
체코,디지털 집적회로반도체,시스템반도체,2023,수출,0.088
체코,기타 집적회로반도체,시스템반도체,2023,수출,0.045
체코,"다이오드, 트랜지스터 및 유사 반도체소자",개별소자,2023,수출,0.039
루마니아,메모리반도체,메모리,2023,수출,0.0
루마니아,디지털 집적회로반도체,시스템반도체,2023,수출,0.015
루마니아,기타 집적회로반도체,시스템반도체,2023,수출,0.0
루마니아,"다이오드, 트랜지스터 및 유사 반도체소자",개별소자,2023,수출,0.007
불가리아,메모리반도체,메모리,2023,수출,0.001
불가리아,디지털 집적회로반도체,시스템반도체,2023,수출,0.004
불가리아,기타 집적회로반도체,시스템반도체,2023,수출,0.0
불가리아,"다이오드, 트랜지스터 및 유사 반도체소자",개별소자,2023,수출,0.0
러시아,메모리반도체,메모리,2023,수출,0.0
러시아,디지털 집적회로반도체,시스템반도체,2023,수출,0.001
러시아,기타 집적회로반도체,시스템반도체,2023,수출,0.006
러시아,"다이오드, 트랜지스터 및 유사 반도체소자",개별소자,2023,수출,0.009
카나다,메모리반도체,메모리,2023,수출,0.009
카나다,디지털 집적회로반도체,시스템반도체,2023,수출,0.342
카나다,기타 집적회로반도체,시스템반도체,2023,수출,0.027
카나다,"다이오드, 트랜지스터 및 유사 반도체소자",개별소자,2023,수출,0.02
미국,메모리반도체,메모리,2023,수출,38.314
미국,디지털 집적회로반도체,시스템반도체,2023,수출,3.963
미국,기타 집적회로반도체,시스템반도체,2023,수출,0.557
미국,"다이오드, 트랜지스터 및 유사 반도체소자",개별소자,2023,수출,13.939
멕시코,메모리반도체,메모리,2023,수출,1.105
멕시코,디지털 집적회로반도체,시스템반도체,2023,수출,1.748
멕시코,기타 집적회로반도체,시스템반도체,2023,수출,0.066
멕시코,"다이오드, 트랜지스터 및 유사 반도체소자",개별소자,2023,수출,0.12
아르헨티나,메모리반도체,메모리,2023,수출,0.0
아르헨티나,디지털 집적회로반도체,시스템반도체,2023,수출,0.0
아르헨티나,기타 집적회로반도체,시스템반도체,2023,수출,0.0
아르헨티나,"다이오드, 트랜지스터 및 유사 반도체소자",개별소자,2023,수출,0.0
칠레,메모리반도체,메모리,2023,수출,0.0
칠레,디지털 집적회로반도체,시스템반도체,2023,수출,0.0
칠레,기타 집적회로반도체,시스템반도체,2023,수출,0.0
칠레,"다이오드, 트랜지스터 및 유사 반도체소자",개별소자,2023,수출,0.0
브라질,메모리반도체,메모리,2023,수출,1.348
브라질,디지털 집적회로반도체,시스템반도체,2023,수출,3.237
브라질,기타 집적회로반도체,시스템반도체,2023,수출,0.361
브라질,"다이오드, 트랜지스터 및 유사 반도체소자",개별소자,2023,수출,0.065
남아프리카,메모리반도체,메모리,2023,수출,0.003
남아프리카,디지털 집적회로반도체,시스템반도체,2023,수출,0.006
남아프리카,기타 집적회로반도체,시스템반도체,2023,수출,0.0
남아프리카,"다이오드, 트랜지스터 및 유사 반도체소자",개별소자,2023,수출,0.027
일본,메모리반도체,메모리,2023,수입,0.162
일본,디지털 집적회로반도체,시스템반도체,2023,수입,40.678
일본,기타 집적회로반도체,시스템반도체,2023,수입,0.842
일본,"다이오드, 트랜지스터 및 유사 반도체소자",개별소자,2023,수입,23.029
대만,메모리반도체,메모리,2023,수입,2.584
대만,디지털 집적회로반도체,시스템반도체,2023,수입,160.961
대만,기타 집적회로반도체,시스템반도체,2023,수입,3.226
대만,"다이오드, 트랜지스터 및 유사 반도체소자",개별소자,2023,수입,5.226
필리핀,메모리반도체,메모리,2023,수입,1.062
필리핀,디지털 집적회로반도체,시스템반도체,2023,수입,7.396
필리핀,기타 집적회로반도체,시스템반도체,2023,수입,0.553
필리핀,"다이오드, 트랜지스터 및 유사 반도체소자",개별소자,2023,수입,0.988
홍콩,메모리반도체,메모리,2023,수입,1.097
홍콩,디지털 집적회로반도체,시스템반도체,2023,수입,2.838
홍콩,기타 집적회로반도체,시스템반도체,2023,수입,0.214
홍콩,"다이오드, 트랜지스터 및 유사 반도체소자",개별소자,2023,수입,0.193
말레이시아,메모리반도체,메모리,2023,수입,0.876
말레이시아,디지털 집적회로반도체,시스템반도체,2023,수입,18.138
말레이시아,기타 집적회로반도체,시스템반도체,2023,수입,1.561
말레이시아,"다이오드, 트랜지스터 및 유사 반도체소자",개별소자,2023,수입,3.929
싱가포르,메모리반도체,메모리,2023,수입,1.265
싱가포르,디지털 집적회로반도체,시스템반도체,2023,수입,17.864
싱가포르,기타 집적회로반도체,시스템반도체,2023,수입,1.531
싱가포르,"다이오드, 트랜지스터 및 유사 반도체소자",개별소자,2023,수입,5.033
인도네시아,메모리반도체,메모리,2023,수입,0.001
인도네시아,디지털 집적회로반도체,시스템반도체,2023,수입,0.654
인도네시아,기타 집적회로반도체,시스템반도체,2023,수입,0.031
인도네시아,"다이오드, 트랜지스터 및 유사 반도체소자",개별소자,2023,수입,0.034
태국,메모리반도체,메모리,2023,수입,0.274
태국,디지털 집적회로반도체,시스템반도체,2023,수입,6.966
태국,기타 집적회로반도체,시스템반도체,2023,수입,0.773
태국,"다이오드, 트랜지스터 및 유사 반도체소자",개별소자,2023,수입,1.216
인도,메모리반도체,메모리,2023,수입,0.004
인도,디지털 집적회로반도체,시스템반도체,2023,수입,0.047
인도,기타 집적회로반도체,시스템반도체,2023,수입,0.008
인도,"다이오드, 트랜지스터 및 유사 반도체소자",개별소자,2023,수입,0.018
베트남,메모리반도체,메모리,2023,수입,16.502
베트남,디지털 집적회로반도체,시스템반도체,2023,수입,0.93
베트남,기타 집적회로반도체,시스템반도체,2023,수입,0.044
베트남,"다이오드, 트랜지스터 및 유사 반도체소자",개별소자,2023,수입,1.615
중국,메모리반도체,메모리,2023,수입,87.559
중국,디지털 집적회로반도체,시스템반도체,2023,수입,38.215
중국,기타 집적회로반도체,시스템반도체,2023,수입,2.423
중국,"다이오드, 트랜지스터 및 유사 반도체소자",개별소자,2023,수입,26.799
사우디아라비아,메모리반도체,메모리,2023,수입,0.0
사우디아라비아,디지털 집적회로반도체,시스템반도체,2023,수입,0.0
사우디아라비아,기타 집적회로반도체,시스템반도체,2023,수입,0.0
사우디아라비아,"다이오드, 트랜지스터 및 유사 반도체소자",개별소자,2023,수입,0.0
아랍에미리트,메모리반도체,메모리,2023,수입,0.004
아랍에미리트,디지털 집적회로반도체,시스템반도체,2023,수입,0.0
아랍에미리트,기타 집적회로반도체,시스템반도체,2023,수입,0.0
아랍에미리트,"다이오드, 트랜지스터 및 유사 반도체소자",개별소자,2023,수입,0.0
프랑스,메모리반도체,메모리,2023,수입,0.015
프랑스,디지털 집적회로반도체,시스템반도체,2023,수입,4.771
프랑스,기타 집적회로반도체,시스템반도체,2023,수입,0.015
프랑스,"다이오드, 트랜지스터 및 유사 반도체소자",개별소자,2023,수입,1.985
이탈리아,메모리반도체,메모리,2023,수입,0.016
이탈리아,디지털 집적회로반도체,시스템반도체,2023,수입,0.068
이탈리아,기타 집적회로반도체,시스템반도체,2023,수입,0.003
이탈리아,"다이오드, 트랜지스터 및 유사 반도체소자",개별소자,2023,수입,0.259
독일,메모리반도체,메모리,2023,수입,0.216
독일,디지털 집적회로반도체,시스템반도체,2023,수입,6.476
독일,기타 집적회로반도체,시스템반도체,2023,수입,1.629
독일,"다이오드, 트랜지스터 및 유사 반도체소자",개별소자,2023,수입,1.749
네덜란드,메모리반도체,메모리,2023,수입,0.044
네덜란드,디지털 집적회로반도체,시스템반도체,2023,수입,0.171
네덜란드,기타 집적회로반도체,시스템반도체,2023,수입,0.035
네덜란드,"다이오드, 트랜지스터 및 유사 반도체소자",개별소자,2023,수입,0.017
영국,메모리반도체,메모리,2023,수입,0.003
영국,디지털 집적회로반도체,시스템반도체,2023,수입,0.031
영국,기타 집적회로반도체,시스템반도체,2023,수입,0.028
영국,"다이오드, 트랜지스터 및 유사 반도체소자",개별소자,2023,수입,0.083
벨기에,메모리반도체,메모리,2023,수입,0.0
벨기에,디지털 집적회로반도체,시스템반도체,2023,수입,0.066
벨기에,기타 집적회로반도체,시스템반도체,2023,수입,0.0
벨기에,"다이오드, 트랜지스터 및 유사 반도체소자",개별소자,2023,수입,0.012
스페인,메모리반도체,메모리,2023,수입,0.0
스페인,디지털 집적회로반도체,시스템반도체,2023,수입,0.005
스페인,기타 집적회로반도체,시스템반도체,2023,수입,0.001
스페인,"다이오드, 트랜지스터 및 유사 반도체소자",개별소자,2023,수입,0.014
스위스,메모리반도체,메모리,2023,수입,0.0
스위스,디지털 집적회로반도체,시스템반도체,2023,수입,0.14
스위스,기타 집적회로반도체,시스템반도체,2023,수입,0.0
스위스,"다이오드, 트랜지스터 및 유사 반도체소자",개별소자,2023,수입,0.025
오스트리아,메모리반도체,메모리,2023,수입,0.0
오스트리아,디지털 집적회로반도체,시스템반도체,2023,수입,0.26
오스트리아,기타 집적회로반도체,시스템반도체,2023,수입,0.013
오스트리아,"다이오드, 트랜지스터 및 유사 반도체소자",개별소자,2023,수입,0.205
노르웨이,메모리반도체,메모리,2023,수입,0.0
노르웨이,디지털 집적회로반도체,시스템반도체,2023,수입,0.002
노르웨이,기타 집적회로반도체,시스템반도체,2023,수입,0.0
노르웨이,"다이오드, 트랜지스터 및 유사 반도체소자",개별소자,2023,수입,0.013
스웨덴,메모리반도체,메모리,2023,수입,0.003
스웨덴,디지털 집적회로반도체,시스템반도체,2023,수입,0.017
스웨덴,기타 집적회로반도체,시스템반도체,2023,수입,0.002
스웨덴,"다이오드, 트랜지스터 및 유사 반도체소자",개별소자,2023,수입,0.018
핀란드,메모리반도체,메모리,2023,수입,0.004
핀란드,디지털 집적회로반도체,시스템반도체,2023,수입,0.001
핀란드,기타 집적회로반도체,시스템반도체,2023,수입,0.0
핀란드,"다이오드, 트랜지스터 및 유사 반도체소자",개별소자,2023,수입,0.032
폴란드,메모리반도체,메모리,2023,수입,0.001
폴란드,디지털 집적회로반도체,시스템반도체,2023,수입,0.006
폴란드,기타 집적회로반도체,시스템반도체,2023,수입,0.0
폴란드,"다이오드, 트랜지스터 및 유사 반도체소자",개별소자,2023,수입,0.003
체코,메모리반도체,메모리,2023,수입,0.003
체코,디지털 집적회로반도체,시스템반도체,2023,수입,0.003
체코,기타 집적회로반도체,시스템반도체,2023,수입,0.0
체코,"다이오드, 트랜지스터 및 유사 반도체소자",개별소자,2023,수입,1.534
루마니아,메모리반도체,메모리,2023,수입,0.001
루마니아,디지털 집적회로반도체,시스템반도체,2023,수입,0.001
루마니아,기타 집적회로반도체,시스템반도체,2023,수입,0.0
루마니아,"다이오드, 트랜지스터 및 유사 반도체소자",개별소자,2023,수입,0.001
불가리아,메모리반도체,메모리,2023,수입,0.0
불가리아,디지털 집적회로반도체,시스템반도체,2023,수입,0.018
불가리아,기타 집적회로반도체,시스템반도체,2023,수입,0.0
불가리아,"다이오드, 트랜지스터 및 유사 반도체소자",개별소자,2023,수입,0.001
러시아,메모리반도체,메모리,2023,수입,0.0
러시아,디지털 집적회로반도체,시스템반도체,2023,수입,0.0
러시아,기타 집적회로반도체,시스템반도체,2023,수입,0.0
러시아,"다이오드, 트랜지스터 및 유사 반도체소자",개별소자,2023,수입,0.011
카나다,메모리반도체,메모리,2023,수입,0.015
카나다,디지털 집적회로반도체,시스템반도체,2023,수입,0.064
카나다,기타 집적회로반도체,시스템반도체,2023,수입,0.001
카나다,"다이오드, 트랜지스터 및 유사 반도체소자",개별소자,2023,수입,0.146
미국,메모리반도체,메모리,2023,수입,2.202
미국,디지털 집적회로반도체,시스템반도체,2023,수입,24.399
미국,기타 집적회로반도체,시스템반도체,2023,수입,0.245
미국,"다이오드, 트랜지스터 및 유사 반도체소자",개별소자,2023,수입,3.647
멕시코,메모리반도체,메모리,2023,수입,0.037
멕시코,디지털 집적회로반도체,시스템반도체,2023,수입,0.305
멕시코,기타 집적회로반도체,시스템반도체,2023,수입,0.071
멕시코,"다이오드, 트랜지스터 및 유사 반도체소자",개별소자,2023,수입,0.171
아르헨티나,메모리반도체,메모리,2023,수입,0.0
아르헨티나,디지털 집적회로반도체,시스템반도체,2023,수입,0.0
아르헨티나,기타 집적회로반도체,시스템반도체,2023,수입,0.0
아르헨티나,"다이오드, 트랜지스터 및 유사 반도체소자",개별소자,2023,수입,0.0
칠레,메모리반도체,메모리,2023,수입,0.0
칠레,디지털 집적회로반도체,시스템반도체,2023,수입,0.0
칠레,기타 집적회로반도체,시스템반도체,2023,수입,0.0
칠레,"다이오드, 트랜지스터 및 유사 반도체소자",개별소자,2023,수입,0.0
브라질,메모리반도체,메모리,2023,수입,0.0
브라질,디지털 집적회로반도체,시스템반도체,2023,수입,0.008
브라질,기타 집적회로반도체,시스템반도체,2023,수입,0.001
브라질,"다이오드, 트랜지스터 및 유사 반도체소자",개별소자,2023,수입,0.004
남아프리카,메모리반도체,메모리,2023,수입,0.0
남아프리카,디지털 집적회로반도체,시스템반도체,2023,수입,0.0
남아프리카,기타 집적회로반도체,시스템반도체,2023,수입,0.0
남아프리카,"다이오드, 트랜지스터 및 유사 반도체소자",개별소자,2023,수입,0.0
일본,메모리반도체,메모리,2024,수출,1.326
일본,디지털 집적회로반도체,시스템반도체,2024,수출,2.016
일본,기타 집적회로반도체,시스템반도체,2024,수출,0.901
일본,"다이오드, 트랜지스터 및 유사 반도체소자",개별소자,2024,수출,3.075
대만,메모리반도체,메모리,2024,수출,21.78
대만,디지털 집적회로반도체,시스템반도체,2024,수출,55.794
대만,기타 집적회로반도체,시스템반도체,2024,수출,5.0
대만,"다이오드, 트랜지스터 및 유사 반도체소자",개별소자,2024,수출,1.322
필리핀,메모리반도체,메모리,2024,수출,11.447
필리핀,디지털 집적회로반도체,시스템반도체,2024,수출,6.483
필리핀,기타 집적회로반도체,시스템반도체,2024,수출,0.448
필리핀,"다이오드, 트랜지스터 및 유사 반도체소자",개별소자,2024,수출,2.465
홍콩,메모리반도체,메모리,2024,수출,71.522
홍콩,디지털 집적회로반도체,시스템반도체,2024,수출,37.328
홍콩,기타 집적회로반도체,시스템반도체,2024,수출,5.199
홍콩,"다이오드, 트랜지스터 및 유사 반도체소자",개별소자,2024,수출,1.314
말레이시아,메모리반도체,메모리,2024,수출,2.976
말레이시아,디지털 집적회로반도체,시스템반도체,2024,수출,6.437
말레이시아,기타 집적회로반도체,시스템반도체,2024,수출,5.24
말레이시아,"다이오드, 트랜지스터 및 유사 반도체소자",개별소자,2024,수출,0.495
싱가포르,메모리반도체,메모리,2024,수출,5.692
싱가포르,디지털 집적회로반도체,시스템반도체,2024,수출,32.286
싱가포르,기타 집적회로반도체,시스템반도체,2024,수출,2.384
싱가포르,"다이오드, 트랜지스터 및 유사 반도체소자",개별소자,2024,수출,1.431
인도네시아,메모리반도체,메모리,2024,수출,1.26
인도네시아,디지털 집적회로반도체,시스템반도체,2024,수출,2.043
인도네시아,기타 집적회로반도체,시스템반도체,2024,수출,0.157
인도네시아,"다이오드, 트랜지스터 및 유사 반도체소자",개별소자,2024,수출,0.111
태국,메모리반도체,메모리,2024,수출,0.771
태국,디지털 집적회로반도체,시스템반도체,2024,수출,4.385
태국,기타 집적회로반도체,시스템반도체,2024,수출,1.011
태국,"다이오드, 트랜지스터 및 유사 반도체소자",개별소자,2024,수출,0.965
인도,메모리반도체,메모리,2024,수출,4.79
인도,디지털 집적회로반도체,시스템반도체,2024,수출,7.929
인도,기타 집적회로반도체,시스템반도체,2024,수출,1.231
인도,"다이오드, 트랜지스터 및 유사 반도체소자",개별소자,2024,수출,0.362
베트남,메모리반도체,메모리,2024,수출,59.345
베트남,디지털 집적회로반도체,시스템반도체,2024,수출,59.693
베트남,기타 집적회로반도체,시스템반도체,2024,수출,10.244
베트남,"다이오드, 트랜지스터 및 유사 반도체소자",개별소자,2024,수출,9.508
중국,메모리반도체,메모리,2024,수출,229.276
중국,디지털 집적회로반도체,시스템반도체,2024,수출,136.695
중국,기타 집적회로반도체,시스템반도체,2024,수출,8.911
중국,"다이오드, 트랜지스터 및 유사 반도체소자",개별소자,2024,수출,21.602
사우디아라비아,메모리반도체,메모리,2024,수출,0.001
사우디아라비아,디지털 집적회로반도체,시스템반도체,2024,수출,0.005
사우디아라비아,기타 집적회로반도체,시스템반도체,2024,수출,0.0
사우디아라비아,"다이오드, 트랜지스터 및 유사 반도체소자",개별소자,2024,수출,0.007
아랍에미리트,메모리반도체,메모리,2024,수출,0.019
아랍에미리트,디지털 집적회로반도체,시스템반도체,2024,수출,0.067
아랍에미리트,기타 집적회로반도체,시스템반도체,2024,수출,0.093
아랍에미리트,"다이오드, 트랜지스터 및 유사 반도체소자",개별소자,2024,수출,0.017
프랑스,메모리반도체,메모리,2024,수출,0.178
프랑스,디지털 집적회로반도체,시스템반도체,2024,수출,1.728
프랑스,기타 집적회로반도체,시스템반도체,2024,수출,0.002
프랑스,"다이오드, 트랜지스터 및 유사 반도체소자",개별소자,2024,수출,0.804
이탈리아,메모리반도체,메모리,2024,수출,0.004
이탈리아,디지털 집적회로반도체,시스템반도체,2024,수출,0.169
이탈리아,기타 집적회로반도체,시스템반도체,2024,수출,0.006
이탈리아,"다이오드, 트랜지스터 및 유사 반도체소자",개별소자,2024,수출,0.28
독일,메모리반도체,메모리,2024,수출,5.051
독일,디지털 집적회로반도체,시스템반도체,2024,수출,1.523
독일,기타 집적회로반도체,시스템반도체,2024,수출,0.093
독일,"다이오드, 트랜지스터 및 유사 반도체소자",개별소자,2024,수출,0.614
네덜란드,메모리반도체,메모리,2024,수출,1.446
네덜란드,디지털 집적회로반도체,시스템반도체,2024,수출,0.476
네덜란드,기타 집적회로반도체,시스템반도체,2024,수출,0.092
네덜란드,"다이오드, 트랜지스터 및 유사 반도체소자",개별소자,2024,수출,0.019
영국,메모리반도체,메모리,2024,수출,0.226
영국,디지털 집적회로반도체,시스템반도체,2024,수출,0.028
영국,기타 집적회로반도체,시스템반도체,2024,수출,0.009
영국,"다이오드, 트랜지스터 및 유사 반도체소자",개별소자,2024,수출,0.075
벨기에,메모리반도체,메모리,2024,수출,0.0
벨기에,디지털 집적회로반도체,시스템반도체,2024,수출,0.031
벨기에,기타 집적회로반도체,시스템반도체,2024,수출,0.001
벨기에,"다이오드, 트랜지스터 및 유사 반도체소자",개별소자,2024,수출,0.022
스페인,메모리반도체,메모리,2024,수출,0.009
스페인,디지털 집적회로반도체,시스템반도체,2024,수출,0.003
스페인,기타 집적회로반도체,시스템반도체,2024,수출,0.007
스페인,"다이오드, 트랜지스터 및 유사 반도체소자",개별소자,2024,수출,0.0
스위스,메모리반도체,메모리,2024,수출,0.0
스위스,디지털 집적회로반도체,시스템반도체,2024,수출,0.049
스위스,기타 집적회로반도체,시스템반도체,2024,수출,0.003
스위스,"다이오드, 트랜지스터 및 유사 반도체소자",개별소자,2024,수출,0.008
오스트리아,메모리반도체,메모리,2024,수출,0.045
오스트리아,디지털 집적회로반도체,시스템반도체,2024,수출,0.147
오스트리아,기타 집적회로반도체,시스템반도체,2024,수출,0.003
오스트리아,"다이오드, 트랜지스터 및 유사 반도체소자",개별소자,2024,수출,0.057
노르웨이,메모리반도체,메모리,2024,수출,0.0
노르웨이,디지털 집적회로반도체,시스템반도체,2024,수출,0.0
노르웨이,기타 집적회로반도체,시스템반도체,2024,수출,0.0
노르웨이,"다이오드, 트랜지스터 및 유사 반도체소자",개별소자,2024,수출,0.011
스웨덴,메모리반도체,메모리,2024,수출,0.017
스웨덴,디지털 집적회로반도체,시스템반도체,2024,수출,0.404
스웨덴,기타 집적회로반도체,시스템반도체,2024,수출,0.002
스웨덴,"다이오드, 트랜지스터 및 유사 반도체소자",개별소자,2024,수출,0.014
핀란드,메모리반도체,메모리,2024,수출,0.011
핀란드,디지털 집적회로반도체,시스템반도체,2024,수출,0.005
핀란드,기타 집적회로반도체,시스템반도체,2024,수출,0.017
핀란드,"다이오드, 트랜지스터 및 유사 반도체소자",개별소자,2024,수출,0.0
폴란드,메모리반도체,메모리,2024,수출,0.959
폴란드,디지털 집적회로반도체,시스템반도체,2024,수출,2.098
폴란드,기타 집적회로반도체,시스템반도체,2024,수출,0.266
폴란드,"다이오드, 트랜지스터 및 유사 반도체소자",개별소자,2024,수출,0.377
체코,메모리반도체,메모리,2024,수출,1.679
체코,디지털 집적회로반도체,시스템반도체,2024,수출,0.058
체코,기타 집적회로반도체,시스템반도체,2024,수출,0.353
체코,"다이오드, 트랜지스터 및 유사 반도체소자",개별소자,2024,수출,0.031
루마니아,메모리반도체,메모리,2024,수출,0.002
루마니아,디지털 집적회로반도체,시스템반도체,2024,수출,0.027
루마니아,기타 집적회로반도체,시스템반도체,2024,수출,0.0
루마니아,"다이오드, 트랜지스터 및 유사 반도체소자",개별소자,2024,수출,0.017
불가리아,메모리반도체,메모리,2024,수출,0.001
불가리아,디지털 집적회로반도체,시스템반도체,2024,수출,0.008
불가리아,기타 집적회로반도체,시스템반도체,2024,수출,0.0
불가리아,"다이오드, 트랜지스터 및 유사 반도체소자",개별소자,2024,수출,0.0
러시아,메모리반도체,메모리,2024,수출,0.0
러시아,디지털 집적회로반도체,시스템반도체,2024,수출,0.0
러시아,기타 집적회로반도체,시스템반도체,2024,수출,0.0
러시아,"다이오드, 트랜지스터 및 유사 반도체소자",개별소자,2024,수출,0.001
카나다,메모리반도체,메모리,2024,수출,0.221
카나다,디지털 집적회로반도체,시스템반도체,2024,수출,0.387
카나다,기타 집적회로반도체,시스템반도체,2024,수출,0.022
카나다,"다이오드, 트랜지스터 및 유사 반도체소자",개별소자,2024,수출,0.016
미국,메모리반도체,메모리,2024,수출,82.52
미국,디지털 집적회로반도체,시스템반도체,2024,수출,12.056
미국,기타 집적회로반도체,시스템반도체,2024,수출,0.341
미국,"다이오드, 트랜지스터 및 유사 반도체소자",개별소자,2024,수출,8.824
멕시코,메모리반도체,메모리,2024,수출,1.499
멕시코,디지털 집적회로반도체,시스템반도체,2024,수출,1.731
멕시코,기타 집적회로반도체,시스템반도체,2024,수출,0.088
멕시코,"다이오드, 트랜지스터 및 유사 반도체소자",개별소자,2024,수출,0.216
아르헨티나,메모리반도체,메모리,2024,수출,0.003
아르헨티나,디지털 집적회로반도체,시스템반도체,2024,수출,0.033
아르헨티나,기타 집적회로반도체,시스템반도체,2024,수출,0.0
아르헨티나,"다이오드, 트랜지스터 및 유사 반도체소자",개별소자,2024,수출,0.003
칠레,메모리반도체,메모리,2024,수출,0.0
칠레,디지털 집적회로반도체,시스템반도체,2024,수출,0.0
칠레,기타 집적회로반도체,시스템반도체,2024,수출,0.0
칠레,"다이오드, 트랜지스터 및 유사 반도체소자",개별소자,2024,수출,0.0
브라질,메모리반도체,메모리,2024,수출,4.153
브라질,디지털 집적회로반도체,시스템반도체,2024,수출,3.629
브라질,기타 집적회로반도체,시스템반도체,2024,수출,0.529
브라질,"다이오드, 트랜지스터 및 유사 반도체소자",개별소자,2024,수출,0.063
남아프리카,메모리반도체,메모리,2024,수출,0.006
남아프리카,디지털 집적회로반도체,시스템반도체,2024,수출,0.023
남아프리카,기타 집적회로반도체,시스템반도체,2024,수출,0.0
남아프리카,"다이오드, 트랜지스터 및 유사 반도체소자",개별소자,2024,수출,0.002
일본,메모리반도체,메모리,2024,수입,0.201
일본,디지털 집적회로반도체,시스템반도체,2024,수입,48.024
일본,기타 집적회로반도체,시스템반도체,2024,수입,1.443
일본,"다이오드, 트랜지스터 및 유사 반도체소자",개별소자,2024,수입,23.681
대만,메모리반도체,메모리,2024,수입,3.48
대만,디지털 집적회로반도체,시스템반도체,2024,수입,201.647
대만,기타 집적회로반도체,시스템반도체,2024,수입,2.846
대만,"다이오드, 트랜지스터 및 유사 반도체소자",개별소자,2024,수입,4.67
필리핀,메모리반도체,메모리,2024,수입,0.543
필리핀,디지털 집적회로반도체,시스템반도체,2024,수입,6.782
필리핀,기타 집적회로반도체,시스템반도체,2024,수입,0.585
필리핀,"다이오드, 트랜지스터 및 유사 반도체소자",개별소자,2024,수입,0.821
홍콩,메모리반도체,메모리,2024,수입,0.904
홍콩,디지털 집적회로반도체,시스템반도체,2024,수입,2.376
홍콩,기타 집적회로반도체,시스템반도체,2024,수입,0.12
홍콩,"다이오드, 트랜지스터 및 유사 반도체소자",개별소자,2024,수입,0.147
말레이시아,메모리반도체,메모리,2024,수입,1.228
말레이시아,디지털 집적회로반도체,시스템반도체,2024,수입,15.826
말레이시아,기타 집적회로반도체,시스템반도체,2024,수입,1.388
말레이시아,"다이오드, 트랜지스터 및 유사 반도체소자",개별소자,2024,수입,3.654
싱가포르,메모리반도체,메모리,2024,수입,4.301
싱가포르,디지털 집적회로반도체,시스템반도체,2024,수입,14.498
싱가포르,기타 집적회로반도체,시스템반도체,2024,수입,1.124
싱가포르,"다이오드, 트랜지스터 및 유사 반도체소자",개별소자,2024,수입,4.916
인도네시아,메모리반도체,메모리,2024,수입,0.0
인도네시아,디지털 집적회로반도체,시스템반도체,2024,수입,0.638
인도네시아,기타 집적회로반도체,시스템반도체,2024,수입,0.044
인도네시아,"다이오드, 트랜지스터 및 유사 반도체소자",개별소자,2024,수입,0.03
태국,메모리반도체,메모리,2024,수입,0.272
태국,디지털 집적회로반도체,시스템반도체,2024,수입,6.369
태국,기타 집적회로반도체,시스템반도체,2024,수입,0.415
태국,"다이오드, 트랜지스터 및 유사 반도체소자",개별소자,2024,수입,1.384
인도,메모리반도체,메모리,2024,수입,0.009
인도,디지털 집적회로반도체,시스템반도체,2024,수입,0.524
인도,기타 집적회로반도체,시스템반도체,2024,수입,0.006
인도,"다이오드, 트랜지스터 및 유사 반도체소자",개별소자,2024,수입,0.012
베트남,메모리반도체,메모리,2024,수입,25.611
베트남,디지털 집적회로반도체,시스템반도체,2024,수입,1.665
베트남,기타 집적회로반도체,시스템반도체,2024,수입,0.053
베트남,"다이오드, 트랜지스터 및 유사 반도체소자",개별소자,2024,수입,1.711
중국,메모리반도체,메모리,2024,수입,108.377
중국,디지털 집적회로반도체,시스템반도체,2024,수입,28.668
중국,기타 집적회로반도체,시스템반도체,2024,수입,4.781
중국,"다이오드, 트랜지스터 및 유사 반도체소자",개별소자,2024,수입,24.549
사우디아라비아,메모리반도체,메모리,2024,수입,0.0
사우디아라비아,디지털 집적회로반도체,시스템반도체,2024,수입,0.0
사우디아라비아,기타 집적회로반도체,시스템반도체,2024,수입,0.0
사우디아라비아,"다이오드, 트랜지스터 및 유사 반도체소자",개별소자,2024,수입,0.0
아랍에미리트,메모리반도체,메모리,2024,수입,0.007
아랍에미리트,디지털 집적회로반도체,시스템반도체,2024,수입,0.004
아랍에미리트,기타 집적회로반도체,시스템반도체,2024,수입,0.0
아랍에미리트,"다이오드, 트랜지스터 및 유사 반도체소자",개별소자,2024,수입,0.0
프랑스,메모리반도체,메모리,2024,수입,0.018
프랑스,디지털 집적회로반도체,시스템반도체,2024,수입,3.607
프랑스,기타 집적회로반도체,시스템반도체,2024,수입,0.03
프랑스,"다이오드, 트랜지스터 및 유사 반도체소자",개별소자,2024,수입,2.044
이탈리아,메모리반도체,메모리,2024,수입,0.0
이탈리아,디지털 집적회로반도체,시스템반도체,2024,수입,0.472
이탈리아,기타 집적회로반도체,시스템반도체,2024,수입,0.005
이탈리아,"다이오드, 트랜지스터 및 유사 반도체소자",개별소자,2024,수입,0.195
독일,메모리반도체,메모리,2024,수입,0.127
독일,디지털 집적회로반도체,시스템반도체,2024,수입,6.253
독일,기타 집적회로반도체,시스템반도체,2024,수입,1.343
독일,"다이오드, 트랜지스터 및 유사 반도체소자",개별소자,2024,수입,2.206
네덜란드,메모리반도체,메모리,2024,수입,0.018
네덜란드,디지털 집적회로반도체,시스템반도체,2024,수입,0.327
네덜란드,기타 집적회로반도체,시스템반도체,2024,수입,0.036
네덜란드,"다이오드, 트랜지스터 및 유사 반도체소자",개별소자,2024,수입,0.028
영국,메모리반도체,메모리,2024,수입,0.001
영국,디지털 집적회로반도체,시스템반도체,2024,수입,0.033
영국,기타 집적회로반도체,시스템반도체,2024,수입,0.009
영국,"다이오드, 트랜지스터 및 유사 반도체소자",개별소자,2024,수입,0.079
벨기에,메모리반도체,메모리,2024,수입,0.001
벨기에,디지털 집적회로반도체,시스템반도체,2024,수입,0.017
벨기에,기타 집적회로반도체,시스템반도체,2024,수입,0.0
벨기에,"다이오드, 트랜지스터 및 유사 반도체소자",개별소자,2024,수입,0.013
스페인,메모리반도체,메모리,2024,수입,0.0
스페인,디지털 집적회로반도체,시스템반도체,2024,수입,0.01
스페인,기타 집적회로반도체,시스템반도체,2024,수입,0.005
스페인,"다이오드, 트랜지스터 및 유사 반도체소자",개별소자,2024,수입,0.015
스위스,메모리반도체,메모리,2024,수입,0.0
스위스,디지털 집적회로반도체,시스템반도체,2024,수입,0.13
스위스,기타 집적회로반도체,시스템반도체,2024,수입,0.001
스위스,"다이오드, 트랜지스터 및 유사 반도체소자",개별소자,2024,수입,0.045
오스트리아,메모리반도체,메모리,2024,수입,0.001
오스트리아,디지털 집적회로반도체,시스템반도체,2024,수입,0.103
오스트리아,기타 집적회로반도체,시스템반도체,2024,수입,0.014
오스트리아,"다이오드, 트랜지스터 및 유사 반도체소자",개별소자,2024,수입,0.305
노르웨이,메모리반도체,메모리,2024,수입,0.0
노르웨이,디지털 집적회로반도체,시스템반도체,2024,수입,0.003
노르웨이,기타 집적회로반도체,시스템반도체,2024,수입,0.0
노르웨이,"다이오드, 트랜지스터 및 유사 반도체소자",개별소자,2024,수입,0.0
스웨덴,메모리반도체,메모리,2024,수입,0.003
스웨덴,디지털 집적회로반도체,시스템반도체,2024,수입,0.007
스웨덴,기타 집적회로반도체,시스템반도체,2024,수입,0.0
스웨덴,"다이오드, 트랜지스터 및 유사 반도체소자",개별소자,2024,수입,0.014
핀란드,메모리반도체,메모리,2024,수입,0.0
핀란드,디지털 집적회로반도체,시스템반도체,2024,수입,0.002
핀란드,기타 집적회로반도체,시스템반도체,2024,수입,0.0
핀란드,"다이오드, 트랜지스터 및 유사 반도체소자",개별소자,2024,수입,0.057
폴란드,메모리반도체,메모리,2024,수입,0.002
폴란드,디지털 집적회로반도체,시스템반도체,2024,수입,0.001
폴란드,기타 집적회로반도체,시스템반도체,2024,수입,0.001
폴란드,"다이오드, 트랜지스터 및 유사 반도체소자",개별소자,2024,수입,0.004
체코,메모리반도체,메모리,2024,수입,0.001
체코,디지털 집적회로반도체,시스템반도체,2024,수입,0.002
체코,기타 집적회로반도체,시스템반도체,2024,수입,0.001
체코,"다이오드, 트랜지스터 및 유사 반도체소자",개별소자,2024,수입,2.747
루마니아,메모리반도체,메모리,2024,수입,0.001
루마니아,디지털 집적회로반도체,시스템반도체,2024,수입,0.0
루마니아,기타 집적회로반도체,시스템반도체,2024,수입,0.0
루마니아,"다이오드, 트랜지스터 및 유사 반도체소자",개별소자,2024,수입,0.001
불가리아,메모리반도체,메모리,2024,수입,0.0
불가리아,디지털 집적회로반도체,시스템반도체,2024,수입,0.013
불가리아,기타 집적회로반도체,시스템반도체,2024,수입,0.0
불가리아,"다이오드, 트랜지스터 및 유사 반도체소자",개별소자,2024,수입,0.006
러시아,메모리반도체,메모리,2024,수입,0.0
러시아,디지털 집적회로반도체,시스템반도체,2024,수입,0.0
러시아,기타 집적회로반도체,시스템반도체,2024,수입,0.0
러시아,"다이오드, 트랜지스터 및 유사 반도체소자",개별소자,2024,수입,0.004
카나다,메모리반도체,메모리,2024,수입,0.011
카나다,디지털 집적회로반도체,시스템반도체,2024,수입,0.097
카나다,기타 집적회로반도체,시스템반도체,2024,수입,0.002
카나다,"다이오드, 트랜지스터 및 유사 반도체소자",개별소자,2024,수입,0.032
미국,메모리반도체,메모리,2024,수입,0.958
미국,디지털 집적회로반도체,시스템반도체,2024,수입,28.136
미국,기타 집적회로반도체,시스템반도체,2024,수입,0.193
미국,"다이오드, 트랜지스터 및 유사 반도체소자",개별소자,2024,수입,3.204
멕시코,메모리반도체,메모리,2024,수입,0.074
멕시코,디지털 집적회로반도체,시스템반도체,2024,수입,0.403
멕시코,기타 집적회로반도체,시스템반도체,2024,수입,0.062
멕시코,"다이오드, 트랜지스터 및 유사 반도체소자",개별소자,2024,수입,0.084
아르헨티나,메모리반도체,메모리,2024,수입,0.0
아르헨티나,디지털 집적회로반도체,시스템반도체,2024,수입,0.0
아르헨티나,기타 집적회로반도체,시스템반도체,2024,수입,0.0
아르헨티나,"다이오드, 트랜지스터 및 유사 반도체소자",개별소자,2024,수입,0.0
칠레,메모리반도체,메모리,2024,수입,0.0
칠레,디지털 집적회로반도체,시스템반도체,2024,수입,0.0
칠레,기타 집적회로반도체,시스템반도체,2024,수입,0.0
칠레,"다이오드, 트랜지스터 및 유사 반도체소자",개별소자,2024,수입,0.0
브라질,메모리반도체,메모리,2024,수입,0.0
브라질,디지털 집적회로반도체,시스템반도체,2024,수입,0.002
브라질,기타 집적회로반도체,시스템반도체,2024,수입,0.0
브라질,"다이오드, 트랜지스터 및 유사 반도체소자",개별소자,2024,수입,0.002
남아프리카,메모리반도체,메모리,2024,수입,0.0
남아프리카,디지털 집적회로반도체,시스템반도체,2024,수입,0.0
남아프리카,기타 집적회로반도체,시스템반도체,2024,수입,0.0
남아프리카,"다이오드, 트랜지스터 및 유사 반도체소자",개별소자,2024,수입,0.0
일본,메모리반도체,메모리,2025,수출,1.703
일본,디지털 집적회로반도체,시스템반도체,2025,수출,2.002
일본,기타 집적회로반도체,시스템반도체,2025,수출,1.272
일본,"다이오드, 트랜지스터 및 유사 반도체소자",개별소자,2025,수출,3.069
대만,메모리반도체,메모리,2025,수출,27.764
대만,디지털 집적회로반도체,시스템반도체,2025,수출,70.992
대만,기타 집적회로반도체,시스템반도체,2025,수출,5.853
대만,"다이오드, 트랜지스터 및 유사 반도체소자",개별소자,2025,수출,1.62
필리핀,메모리반도체,메모리,2025,수출,17.908
필리핀,디지털 집적회로반도체,시스템반도체,2025,수출,8.266
필리핀,기타 집적회로반도체,시스템반도체,2025,수출,0.408
필리핀,"다이오드, 트랜지스터 및 유사 반도체소자",개별소자,2025,수출,3.031
홍콩,메모리반도체,메모리,2025,수출,101.4
홍콩,디지털 집적회로반도체,시스템반도체,2025,수출,29.543
홍콩,기타 집적회로반도체,시스템반도체,2025,수출,2.224
홍콩,"다이오드, 트랜지스터 및 유사 반도체소자",개별소자,2025,수출,1.285
말레이시아,메모리반도체,메모리,2025,수출,2.628
말레이시아,디지털 집적회로반도체,시스템반도체,2025,수출,10.105
말레이시아,기타 집적회로반도체,시스템반도체,2025,수출,6.323
말레이시아,"다이오드, 트랜지스터 및 유사 반도체소자",개별소자,2025,수출,0.512
싱가포르,메모리반도체,메모리,2025,수출,9.894
싱가포르,디지털 집적회로반도체,시스템반도체,2025,수출,40.326
싱가포르,기타 집적회로반도체,시스템반도체,2025,수출,2.095
싱가포르,"다이오드, 트랜지스터 및 유사 반도체소자",개별소자,2025,수출,1.254
인도네시아,메모리반도체,메모리,2025,수출,1.811
인도네시아,디지털 집적회로반도체,시스템반도체,2025,수출,1.313
인도네시아,기타 집적회로반도체,시스템반도체,2025,수출,0.112
인도네시아,"다이오드, 트랜지스터 및 유사 반도체소자",개별소자,2025,수출,0.096
태국,메모리반도체,메모리,2025,수출,0.845
태국,디지털 집적회로반도체,시스템반도체,2025,수출,3.407
태국,기타 집적회로반도체,시스템반도체,2025,수출,1.449
태국,"다이오드, 트랜지스터 및 유사 반도체소자",개별소자,2025,수출,0.963
인도,메모리반도체,메모리,2025,수출,9.14
인도,디지털 집적회로반도체,시스템반도체,2025,수출,6.676
인도,기타 집적회로반도체,시스템반도체,2025,수출,1.138
인도,"다이오드, 트랜지스터 및 유사 반도체소자",개별소자,2025,수출,0.417
베트남,메모리반도체,메모리,2025,수출,82.402
베트남,디지털 집적회로반도체,시스템반도체,2025,수출,90.963
베트남,기타 집적회로반도체,시스템반도체,2025,수출,7.521
베트남,"다이오드, 트랜지스터 및 유사 반도체소자",개별소자,2025,수출,9.523
중국,메모리반도체,메모리,2025,수출,287.752
중국,디지털 집적회로반도체,시스템반도체,2025,수출,97.198
중국,기타 집적회로반도체,시스템반도체,2025,수출,5.941
중국,"다이오드, 트랜지스터 및 유사 반도체소자",개별소자,2025,수출,28.068
사우디아라비아,메모리반도체,메모리,2025,수출,0.0
사우디아라비아,디지털 집적회로반도체,시스템반도체,2025,수출,0.002
사우디아라비아,기타 집적회로반도체,시스템반도체,2025,수출,0.0
사우디아라비아,"다이오드, 트랜지스터 및 유사 반도체소자",개별소자,2025,수출,0.005
아랍에미리트,메모리반도체,메모리,2025,수출,0.068
아랍에미리트,디지털 집적회로반도체,시스템반도체,2025,수출,0.194
아랍에미리트,기타 집적회로반도체,시스템반도체,2025,수출,0.0
아랍에미리트,"다이오드, 트랜지스터 및 유사 반도체소자",개별소자,2025,수출,0.005
프랑스,메모리반도체,메모리,2025,수출,0.117
프랑스,디지털 집적회로반도체,시스템반도체,2025,수출,1.562
프랑스,기타 집적회로반도체,시스템반도체,2025,수출,0.008
프랑스,"다이오드, 트랜지스터 및 유사 반도체소자",개별소자,2025,수출,0.593
이탈리아,메모리반도체,메모리,2025,수출,0.002
이탈리아,디지털 집적회로반도체,시스템반도체,2025,수출,0.3
이탈리아,기타 집적회로반도체,시스템반도체,2025,수출,0.004
이탈리아,"다이오드, 트랜지스터 및 유사 반도체소자",개별소자,2025,수출,0.078
독일,메모리반도체,메모리,2025,수출,6.338
독일,디지털 집적회로반도체,시스템반도체,2025,수출,1.283
독일,기타 집적회로반도체,시스템반도체,2025,수출,0.146
독일,"다이오드, 트랜지스터 및 유사 반도체소자",개별소자,2025,수출,0.403
네덜란드,메모리반도체,메모리,2025,수출,10.487
네덜란드,디지털 집적회로반도체,시스템반도체,2025,수출,0.465
네덜란드,기타 집적회로반도체,시스템반도체,2025,수출,0.008
네덜란드,"다이오드, 트랜지스터 및 유사 반도체소자",개별소자,2025,수출,0.047
영국,메모리반도체,메모리,2025,수출,0.518
영국,디지털 집적회로반도체,시스템반도체,2025,수출,0.049
영국,기타 집적회로반도체,시스템반도체,2025,수출,0.011
영국,"다이오드, 트랜지스터 및 유사 반도체소자",개별소자,2025,수출,0.099
벨기에,메모리반도체,메모리,2025,수출,0.0
벨기에,디지털 집적회로반도체,시스템반도체,2025,수출,0.055
벨기에,기타 집적회로반도체,시스템반도체,2025,수출,0.001
벨기에,"다이오드, 트랜지스터 및 유사 반도체소자",개별소자,2025,수출,0.029
스페인,메모리반도체,메모리,2025,수출,0.013
스페인,디지털 집적회로반도체,시스템반도체,2025,수출,0.003
스페인,기타 집적회로반도체,시스템반도체,2025,수출,0.002
스페인,"다이오드, 트랜지스터 및 유사 반도체소자",개별소자,2025,수출,0.001
스위스,메모리반도체,메모리,2025,수출,0.0
스위스,디지털 집적회로반도체,시스템반도체,2025,수출,0.028
스위스,기타 집적회로반도체,시스템반도체,2025,수출,0.0
스위스,"다이오드, 트랜지스터 및 유사 반도체소자",개별소자,2025,수출,0.008
오스트리아,메모리반도체,메모리,2025,수출,0.017
오스트리아,디지털 집적회로반도체,시스템반도체,2025,수출,0.046
오스트리아,기타 집적회로반도체,시스템반도체,2025,수출,0.01
오스트리아,"다이오드, 트랜지스터 및 유사 반도체소자",개별소자,2025,수출,0.049
노르웨이,메모리반도체,메모리,2025,수출,0.0
노르웨이,디지털 집적회로반도체,시스템반도체,2025,수출,0.0
노르웨이,기타 집적회로반도체,시스템반도체,2025,수출,0.0
노르웨이,"다이오드, 트랜지스터 및 유사 반도체소자",개별소자,2025,수출,0.014
스웨덴,메모리반도체,메모리,2025,수출,0.087
스웨덴,디지털 집적회로반도체,시스템반도체,2025,수출,0.298
스웨덴,기타 집적회로반도체,시스템반도체,2025,수출,0.001
스웨덴,"다이오드, 트랜지스터 및 유사 반도체소자",개별소자,2025,수출,0.011
핀란드,메모리반도체,메모리,2025,수출,0.001
핀란드,디지털 집적회로반도체,시스템반도체,2025,수출,0.005
핀란드,기타 집적회로반도체,시스템반도체,2025,수출,0.02
핀란드,"다이오드, 트랜지스터 및 유사 반도체소자",개별소자,2025,수출,0.0
폴란드,메모리반도체,메모리,2025,수출,2.206
폴란드,디지털 집적회로반도체,시스템반도체,2025,수출,1.975
폴란드,기타 집적회로반도체,시스템반도체,2025,수출,0.276
폴란드,"다이오드, 트랜지스터 및 유사 반도체소자",개별소자,2025,수출,0.333
체코,메모리반도체,메모리,2025,수출,2.752
체코,디지털 집적회로반도체,시스템반도체,2025,수출,0.123
체코,기타 집적회로반도체,시스템반도체,2025,수출,0.742
체코,"다이오드, 트랜지스터 및 유사 반도체소자",개별소자,2025,수출,0.709
루마니아,메모리반도체,메모리,2025,수출,0.001
루마니아,디지털 집적회로반도체,시스템반도체,2025,수출,0.015
루마니아,기타 집적회로반도체,시스템반도체,2025,수출,0.001
루마니아,"다이오드, 트랜지스터 및 유사 반도체소자",개별소자,2025,수출,0.018
불가리아,메모리반도체,메모리,2025,수출,0.0
불가리아,디지털 집적회로반도체,시스템반도체,2025,수출,0.007
불가리아,기타 집적회로반도체,시스템반도체,2025,수출,0.0
불가리아,"다이오드, 트랜지스터 및 유사 반도체소자",개별소자,2025,수출,0.0
러시아,메모리반도체,메모리,2025,수출,0.0
러시아,디지털 집적회로반도체,시스템반도체,2025,수출,0.0
러시아,기타 집적회로반도체,시스템반도체,2025,수출,0.0
러시아,"다이오드, 트랜지스터 및 유사 반도체소자",개별소자,2025,수출,0.001
카나다,메모리반도체,메모리,2025,수출,0.339
카나다,디지털 집적회로반도체,시스템반도체,2025,수출,0.522
카나다,기타 집적회로반도체,시스템반도체,2025,수출,0.163
카나다,"다이오드, 트랜지스터 및 유사 반도체소자",개별소자,2025,수출,0.019
미국,메모리반도체,메모리,2025,수출,120.081
미국,디지털 집적회로반도체,시스템반도체,2025,수출,3.826
미국,기타 집적회로반도체,시스템반도체,2025,수출,0.675
미국,"다이오드, 트랜지스터 및 유사 반도체소자",개별소자,2025,수출,8.099
멕시코,메모리반도체,메모리,2025,수출,1.696
멕시코,디지털 집적회로반도체,시스템반도체,2025,수출,2.084
멕시코,기타 집적회로반도체,시스템반도체,2025,수출,0.114
멕시코,"다이오드, 트랜지스터 및 유사 반도체소자",개별소자,2025,수출,0.24
아르헨티나,메모리반도체,메모리,2025,수출,0.004
아르헨티나,디지털 집적회로반도체,시스템반도체,2025,수출,0.086
아르헨티나,기타 집적회로반도체,시스템반도체,2025,수출,0.0
아르헨티나,"다이오드, 트랜지스터 및 유사 반도체소자",개별소자,2025,수출,0.021
칠레,메모리반도체,메모리,2025,수출,0.0
칠레,디지털 집적회로반도체,시스템반도체,2025,수출,0.0
칠레,기타 집적회로반도체,시스템반도체,2025,수출,0.0
칠레,"다이오드, 트랜지스터 및 유사 반도체소자",개별소자,2025,수출,0.0
브라질,메모리반도체,메모리,2025,수출,4.084
브라질,디지털 집적회로반도체,시스템반도체,2025,수출,2.509
브라질,기타 집적회로반도체,시스템반도체,2025,수출,0.218
브라질,"다이오드, 트랜지스터 및 유사 반도체소자",개별소자,2025,수출,0.045
남아프리카,메모리반도체,메모리,2025,수출,0.006
남아프리카,디지털 집적회로반도체,시스템반도체,2025,수출,0.029
남아프리카,기타 집적회로반도체,시스템반도체,2025,수출,0.0
남아프리카,"다이오드, 트랜지스터 및 유사 반도체소자",개별소자,2025,수출,0.001
일본,메모리반도체,메모리,2025,수입,0.156
일본,디지털 집적회로반도체,시스템반도체,2025,수입,50.346
일본,기타 집적회로반도체,시스템반도체,2025,수입,1.33
일본,"다이오드, 트랜지스터 및 유사 반도체소자",개별소자,2025,수입,20.228
대만,메모리반도체,메모리,2025,수입,5.187
대만,디지털 집적회로반도체,시스템반도체,2025,수입,219.541
대만,기타 집적회로반도체,시스템반도체,2025,수입,2.267
대만,"다이오드, 트랜지스터 및 유사 반도체소자",개별소자,2025,수입,4.666
필리핀,메모리반도체,메모리,2025,수입,0.922
필리핀,디지털 집적회로반도체,시스템반도체,2025,수입,5.488
필리핀,기타 집적회로반도체,시스템반도체,2025,수입,0.451
필리핀,"다이오드, 트랜지스터 및 유사 반도체소자",개별소자,2025,수입,0.725
홍콩,메모리반도체,메모리,2025,수입,0.909
홍콩,디지털 집적회로반도체,시스템반도체,2025,수입,3.985
홍콩,기타 집적회로반도체,시스템반도체,2025,수입,0.103
홍콩,"다이오드, 트랜지스터 및 유사 반도체소자",개별소자,2025,수입,0.326
말레이시아,메모리반도체,메모리,2025,수입,1.222
말레이시아,디지털 집적회로반도체,시스템반도체,2025,수입,18.861
말레이시아,기타 집적회로반도체,시스템반도체,2025,수입,0.783
말레이시아,"다이오드, 트랜지스터 및 유사 반도체소자",개별소자,2025,수입,3.573
싱가포르,메모리반도체,메모리,2025,수입,7.586
싱가포르,디지털 집적회로반도체,시스템반도체,2025,수입,13.864
싱가포르,기타 집적회로반도체,시스템반도체,2025,수입,0.927
싱가포르,"다이오드, 트랜지스터 및 유사 반도체소자",개별소자,2025,수입,5.84
인도네시아,메모리반도체,메모리,2025,수입,0.001
인도네시아,디지털 집적회로반도체,시스템반도체,2025,수입,0.767
인도네시아,기타 집적회로반도체,시스템반도체,2025,수입,0.041
인도네시아,"다이오드, 트랜지스터 및 유사 반도체소자",개별소자,2025,수입,0.03
태국,메모리반도체,메모리,2025,수입,0.242
태국,디지털 집적회로반도체,시스템반도체,2025,수입,5.354
태국,기타 집적회로반도체,시스템반도체,2025,수입,0.214
태국,"다이오드, 트랜지스터 및 유사 반도체소자",개별소자,2025,수입,1.38
인도,메모리반도체,메모리,2025,수입,0.024
인도,디지털 집적회로반도체,시스템반도체,2025,수입,0.054
인도,기타 집적회로반도체,시스템반도체,2025,수입,0.006
인도,"다이오드, 트랜지스터 및 유사 반도체소자",개별소자,2025,수입,0.011
베트남,메모리반도체,메모리,2025,수입,46.434
베트남,디지털 집적회로반도체,시스템반도체,2025,수입,0.966
베트남,기타 집적회로반도체,시스템반도체,2025,수입,0.062
베트남,"다이오드, 트랜지스터 및 유사 반도체소자",개별소자,2025,수입,2.276
중국,메모리반도체,메모리,2025,수입,119.412
중국,디지털 집적회로반도체,시스템반도체,2025,수입,32.383
중국,기타 집적회로반도체,시스템반도체,2025,수입,3.777
중국,"다이오드, 트랜지스터 및 유사 반도체소자",개별소자,2025,수입,30.501
사우디아라비아,메모리반도체,메모리,2025,수입,0.0
사우디아라비아,디지털 집적회로반도체,시스템반도체,2025,수입,0.0
사우디아라비아,기타 집적회로반도체,시스템반도체,2025,수입,0.0
사우디아라비아,"다이오드, 트랜지스터 및 유사 반도체소자",개별소자,2025,수입,0.0
아랍에미리트,메모리반도체,메모리,2025,수입,0.004
아랍에미리트,디지털 집적회로반도체,시스템반도체,2025,수입,0.007
아랍에미리트,기타 집적회로반도체,시스템반도체,2025,수입,0.0
아랍에미리트,"다이오드, 트랜지스터 및 유사 반도체소자",개별소자,2025,수입,0.0
프랑스,메모리반도체,메모리,2025,수입,0.099
프랑스,디지털 집적회로반도체,시스템반도체,2025,수입,4.082
프랑스,기타 집적회로반도체,시스템반도체,2025,수입,0.123
프랑스,"다이오드, 트랜지스터 및 유사 반도체소자",개별소자,2025,수입,3.136
이탈리아,메모리반도체,메모리,2025,수입,0.0
이탈리아,디지털 집적회로반도체,시스템반도체,2025,수입,1.195
이탈리아,기타 집적회로반도체,시스템반도체,2025,수입,0.029
이탈리아,"다이오드, 트랜지스터 및 유사 반도체소자",개별소자,2025,수입,0.296
독일,메모리반도체,메모리,2025,수입,0.057
독일,디지털 집적회로반도체,시스템반도체,2025,수입,5.613
독일,기타 집적회로반도체,시스템반도체,2025,수입,0.297
독일,"다이오드, 트랜지스터 및 유사 반도체소자",개별소자,2025,수입,1.916
네덜란드,메모리반도체,메모리,2025,수입,0.051
네덜란드,디지털 집적회로반도체,시스템반도체,2025,수입,0.037
네덜란드,기타 집적회로반도체,시스템반도체,2025,수입,0.705
네덜란드,"다이오드, 트랜지스터 및 유사 반도체소자",개별소자,2025,수입,0.038
영국,메모리반도체,메모리,2025,수입,0.002
영국,디지털 집적회로반도체,시스템반도체,2025,수입,0.036
영국,기타 집적회로반도체,시스템반도체,2025,수입,0.012
영국,"다이오드, 트랜지스터 및 유사 반도체소자",개별소자,2025,수입,0.08
벨기에,메모리반도체,메모리,2025,수입,0.0
벨기에,디지털 집적회로반도체,시스템반도체,2025,수입,0.036
벨기에,기타 집적회로반도체,시스템반도체,2025,수입,0.001
벨기에,"다이오드, 트랜지스터 및 유사 반도체소자",개별소자,2025,수입,0.003
스페인,메모리반도체,메모리,2025,수입,0.0
스페인,디지털 집적회로반도체,시스템반도체,2025,수입,0.019
스페인,기타 집적회로반도체,시스템반도체,2025,수입,0.002
스페인,"다이오드, 트랜지스터 및 유사 반도체소자",개별소자,2025,수입,0.039
스위스,메모리반도체,메모리,2025,수입,0.0
스위스,디지털 집적회로반도체,시스템반도체,2025,수입,0.149
스위스,기타 집적회로반도체,시스템반도체,2025,수입,0.003
스위스,"다이오드, 트랜지스터 및 유사 반도체소자",개별소자,2025,수입,0.025
오스트리아,메모리반도체,메모리,2025,수입,0.0
오스트리아,디지털 집적회로반도체,시스템반도체,2025,수입,0.105
오스트리아,기타 집적회로반도체,시스템반도체,2025,수입,0.013
오스트리아,"다이오드, 트랜지스터 및 유사 반도체소자",개별소자,2025,수입,0.186
노르웨이,메모리반도체,메모리,2025,수입,0.0
노르웨이,디지털 집적회로반도체,시스템반도체,2025,수입,0.006
노르웨이,기타 집적회로반도체,시스템반도체,2025,수입,0.0
노르웨이,"다이오드, 트랜지스터 및 유사 반도체소자",개별소자,2025,수입,0.001
스웨덴,메모리반도체,메모리,2025,수입,0.0
스웨덴,디지털 집적회로반도체,시스템반도체,2025,수입,0.006
스웨덴,기타 집적회로반도체,시스템반도체,2025,수입,0.0
스웨덴,"다이오드, 트랜지스터 및 유사 반도체소자",개별소자,2025,수입,0.025
핀란드,메모리반도체,메모리,2025,수입,0.0
핀란드,디지털 집적회로반도체,시스템반도체,2025,수입,0.001
핀란드,기타 집적회로반도체,시스템반도체,2025,수입,0.0
핀란드,"다이오드, 트랜지스터 및 유사 반도체소자",개별소자,2025,수입,0.026
폴란드,메모리반도체,메모리,2025,수입,0.021
폴란드,디지털 집적회로반도체,시스템반도체,2025,수입,0.001
폴란드,기타 집적회로반도체,시스템반도체,2025,수입,0.0
폴란드,"다이오드, 트랜지스터 및 유사 반도체소자",개별소자,2025,수입,0.004
체코,메모리반도체,메모리,2025,수입,0.001
체코,디지털 집적회로반도체,시스템반도체,2025,수입,0.034
체코,기타 집적회로반도체,시스템반도체,2025,수입,0.0
체코,"다이오드, 트랜지스터 및 유사 반도체소자",개별소자,2025,수입,1.843
루마니아,메모리반도체,메모리,2025,수입,0.002
루마니아,디지털 집적회로반도체,시스템반도체,2025,수입,0.002
루마니아,기타 집적회로반도체,시스템반도체,2025,수입,0.0
루마니아,"다이오드, 트랜지스터 및 유사 반도체소자",개별소자,2025,수입,0.0
불가리아,메모리반도체,메모리,2025,수입,0.0
불가리아,디지털 집적회로반도체,시스템반도체,2025,수입,0.012
불가리아,기타 집적회로반도체,시스템반도체,2025,수입,0.0
불가리아,"다이오드, 트랜지스터 및 유사 반도체소자",개별소자,2025,수입,0.005
러시아,메모리반도체,메모리,2025,수입,0.0
러시아,디지털 집적회로반도체,시스템반도체,2025,수입,0.0
러시아,기타 집적회로반도체,시스템반도체,2025,수입,0.0
러시아,"다이오드, 트랜지스터 및 유사 반도체소자",개별소자,2025,수입,0.001
카나다,메모리반도체,메모리,2025,수입,0.001
카나다,디지털 집적회로반도체,시스템반도체,2025,수입,0.091
카나다,기타 집적회로반도체,시스템반도체,2025,수입,0.008
카나다,"다이오드, 트랜지스터 및 유사 반도체소자",개별소자,2025,수입,0.031
미국,메모리반도체,메모리,2025,수입,1.21
미국,디지털 집적회로반도체,시스템반도체,2025,수입,21.817
미국,기타 집적회로반도체,시스템반도체,2025,수입,0.262
미국,"다이오드, 트랜지스터 및 유사 반도체소자",개별소자,2025,수입,3.124
멕시코,메모리반도체,메모리,2025,수입,0.01
멕시코,디지털 집적회로반도체,시스템반도체,2025,수입,0.88
멕시코,기타 집적회로반도체,시스템반도체,2025,수입,0.185
멕시코,"다이오드, 트랜지스터 및 유사 반도체소자",개별소자,2025,수입,0.113
아르헨티나,메모리반도체,메모리,2025,수입,0.0
아르헨티나,디지털 집적회로반도체,시스템반도체,2025,수입,0.0
아르헨티나,기타 집적회로반도체,시스템반도체,2025,수입,0.0
아르헨티나,"다이오드, 트랜지스터 및 유사 반도체소자",개별소자,2025,수입,0.0
칠레,메모리반도체,메모리,2025,수입,0.0
칠레,디지털 집적회로반도체,시스템반도체,2025,수입,0.0
칠레,기타 집적회로반도체,시스템반도체,2025,수입,0.0
칠레,"다이오드, 트랜지스터 및 유사 반도체소자",개별소자,2025,수입,0.0
브라질,메모리반도체,메모리,2025,수입,0.003
브라질,디지털 집적회로반도체,시스템반도체,2025,수입,0.003
브라질,기타 집적회로반도체,시스템반도체,2025,수입,0.0
브라질,"다이오드, 트랜지스터 및 유사 반도체소자",개별소자,2025,수입,0.007
남아프리카,메모리반도체,메모리,2025,수입,0.0
남아프리카,디지털 집적회로반도체,시스템반도체,2025,수입,0.007
남아프리카,기타 집적회로반도체,시스템반도체,2025,수입,0.0
남아프리카,"다이오드, 트랜지스터 및 유사 반도체소자",개별소자,2025,수입,0.0
